id,ime,rank,žanr,rating,število rating-ov,leto izdaje,najmanjša starost,zahtevnost /5,najmanj igralcev,največ igralcev,najkrajši čas,najdaljši čas,najnižja cena ($)
100423,Elder Sign,798,Thematic,7.0,26000,2011,13,2.34,1,4,90,90,9.99
100901,Flash Point: Fire Rescue,543,Thematic,7.1,25000,2011,10,2.2,1,6,45,45,13.0
10093,Axis & Allies,2058,War,6.7,6200,2004,12,3.22,2,5,240,240,2.97
101721,Mage Wars Arena,504,Customizable,7.6,8000,2012,13,3.68,2,,90,90,0.99
102104,Star Fluxx,3336,Party,6.3,6000,2011,8,1.42,2,6,10,40,5.99
102548,Dungeon Fighter,1535,Party,6.8,7200,2011,14,1.76,2,6,45,60,9.78
102652,Sentinels of the Multiverse,693,Thematic,7.1,16000,2011,8,2.52,1,5,30,60,11.95
102680,Trajan,149,Strategy,7.7,19000,2011,12,3.63,2,4,60,120,42.38
102794,Caverna: The Cave Farmers,62,Strategy,7.9,37000,2013,12,3.78,1,5,30,210,91.32
103343,A Game of Thrones: The Board Game (Second Edition),239,Strategy,7.5,37000,2011,14,3.73,4,6,120,240,7.61
103885,Star Wars: X-Wing Miniatures Game,206,War,7.6,26000,2012,14,2.5,2,,30,45,17.0
103886,Star Wars: The Card Game,1055,Customizable,7.2,5900,2012,10,2.98,2,2,30,60,8.0
104006,Village,249,Strategy,7.5,25000,2011,12,3.06,2,4,60,90,27.94
104162,Descent: Journeys in the Dark (Second Edition),231,Thematic,7.6,26000,2012,14,3.22,2,5,120,120,11.95
1041,San Marco,1100,Strategy,7.2,4700,2001,10,2.67,3,4,75,75,17.01
104347,Santiago de Cuba,1583,Strategy,6.9,4700,2011,10,2.15,2,4,40,75,4.72
104363,Rex: Final Days of an Empire,1379,Thematic,7.0,4600,2012,14,3.3,4,6,120,180,64.99
104710,Wiz-War (Eighth Edition),1266,Thematic,7.1,5200,2012,14,2.32,2,4,30,60,35.0
105134,Risk Legacy,634,Strategy,7.3,8900,2011,13,2.59,4,5,60,60,2.99
10547,Betrayal at House on the Hill,779,Thematic,7.0,50000,2004,12,2.4,3,6,60,60,2.39
105551,Archipelago,706,Strategy,7.3,8600,2012,14,3.74,2,5,30,240,
105593,Cheating Moth,2680,Party,6.4,6600,2011,7,1.16,3,,30,30,5.71
105,Colossal Arena,1482,Strategy,6.8,7400,1997,8,2.02,2,5,40,60,17.02
106217,Hawaii,1201,Strategy,7.1,4700,2011,13,2.9,2,5,60,60,45.51
10630,Memoir '44,223,War,7.5,32000,2004,8,2.27,2,2,30,45,2.99
10640,Doom: The Boardgame,1731,Thematic,6.8,5300,2004,12,2.91,2,4,60,90,16.95
107529,Kingdom Builder,788,Strategy,6.9,25000,2011,8,2.07,2,4,45,45,0.99
108687,Puerto Rico,,,8.3,6100,2011,13,3.22,2,5,90,150,34.13
108745,Seasons,355,Strategy,7.3,27000,2012,14,2.78,2,3,60,60,9.99
109276,Kanban: Driver's Edition,316,Strategy,7.8,7100,2014,12,4.35,2,4,90,120,28.0
10,Elfenland,1539,Family,6.7,9400,1998,10,2.15,3,6,60,60,5.69
110277,Among the Stars,1044,Strategy,7.0,7400,2012,12,2.24,2,4,30,30,4.99
110327,Lords of Waterdeep,106,Strategy,7.7,59000,2012,12,2.45,2,5,60,120,35.69
1111,Taboo,2472,Party,6.3,14000,1989,12,1.2,4,10,20,20,1.79
111341,The Great Zimbabwe,361,Strategy,7.8,5500,2012,14,3.69,2,5,90,150,249.99
1115,Poker,1412,Strategy,6.7,12000,1810,12,2.43,3,9,60,60,7.15
11170,Heroscape Master Set: Rise of the Valkyrie,574,Customizable,7.5,8400,2004,8,2.3,2,4,90,90,4.0
1117,You're Bluffing!,2303,Family,6.6,4700,1985,10,1.63,3,5,45,45,4.45
112686,Epic Spell Wars of the Battle Wizards: Duel at Mt. Skullzfyre,2670,Thematic,6.4,7100,2012,15,1.57,3,5,30,30,8.5
112,Condottiere,1064,Strategy,6.9,11000,1995,10,1.95,3,6,20,45,89.99
113294,Escape: The Curse of the Temple,836,Family,7.0,18000,2012,8,1.48,1,5,10,10,7.95
113401,Timeline: Events,1722,Party,6.8,5300,2011,8,1.09,2,8,15,15,36.42
113924,Zombicide,766,Thematic,7.1,20000,2012,14,2.53,1,6,60,60,3.43
113997,Tajemnicze Domostwo,1139,Thematic,7.1,5600,2013,8,1.83,3,7,30,60,10.98
115746,War of the Ring: Second Edition,8,War,8.6,25000,2011,13,4.23,2,2,150,240,75.0
1159,Evo,1665,Strategy,6.8,4500,2001,12,2.34,3,5,60,120,84.99
116998,Thunderstone Advance: Towers of Ruin,967,Strategy,7.3,4800,2012,12,2.75,1,4,45,45,24.99
116,Guillotine,1628,Family,6.5,22000,1998,12,1.27,2,5,30,30,14.99
117959,Las Vegas,630,Family,7.2,12000,2012,8,1.17,3,5,30,30,22.11
118048,Targi,176,Strategy,7.6,27000,2012,12,2.34,2,2,60,60,9.1
118247,Lucky Numbers,2824,Abstract,6.4,4600,2012,8,1.13,2,4,20,20,17.12
118,Modern Art,221,Strategy,7.5,26000,1992,10,2.28,3,5,45,45,29.39
11901,Tic-Tac-Toe,30931,Children's,2.8,4400,-1300,4,1.27,2,2,1,1,4.99
119432,Snowdonia,866,Strategy,7.3,5200,2012,10,2.99,1,5,30,90,25.0
119506,Freedom: The Underground Railroad,681,Thematic,7.6,4700,2013,13,2.91,1,4,60,120,20.43
11971,Cockroach Poker,1097,Party,6.8,17000,2004,8,1.1,3,6,20,20,5.69
119788,Hyperborea,1086,Strategy,7.2,5100,2014,14,3.16,2,5,50,150,49.95
119890,Agricola: All Creatures Big and Small,462,Strategy,7.3,14000,2012,13,2.35,2,2,30,30,24.99
1198,SET,1890,Abstract,6.5,14000,1988,6,1.65,1,8,30,30,1.2
119,Cosmolancer,1780,Abstract,6.7,5500,1994,9,1.85,2,4,45,45,11.04
11,Bohnanza,545,Family,7.1,52000,1997,12,1.67,3,7,45,45,5.68
12002,Jambo,1020,Strategy,7.0,8500,2004,12,2.08,2,2,45,45,10.0
120677,Terra Mystica,36,Strategy,8.0,51000,2012,12,3.97,2,5,60,150,4.99
120,Hoity Toity,2267,Family,6.5,5600,1990,12,1.86,4,,45,45,10.0
121288,Dixit: Journey,901,Party,7.4,4700,2012,8,1.26,4,,30,30,18.95
121297,Fleet,1579,Strategy,6.8,5500,2012,10,2.24,2,4,30,45,9.0
121408,Trains,828,Strategy,7.1,8700,2012,12,2.38,2,4,45,45,11.42
121410,Steam Park,1516,Family,6.8,6100,2013,10,2.12,2,4,60,60,9.99
121921,Robinson Crusoe: Adventures on the Cursed Island,120,Thematic,7.7,47000,2012,14,3.83,1,4,60,120,2.99
1219,Labyrinth,2114,Family,6.4,16000,1986,8,1.34,2,4,20,20,1.0
121,Dune,583,Thematic,7.6,6000,1979,12,3.45,4,6,60,180,44.99
122298,Morels,1017,Family,7.0,10000,2012,10,1.74,2,2,30,30,12.0
122515,Keyflower,135,Strategy,7.7,25000,2012,12,3.33,2,6,90,120,40.0
122522,Smash Up,1320,Strategy,6.7,28000,2012,12,2.06,2,4,45,45,4.99
123260,Suburbia,251,Strategy,7.5,27000,2012,8,2.76,1,4,60,90,12.0
12333,Twilight Struggle,15,War,8.2,52000,2005,13,3.61,2,2,120,180,27.95
1234,Once Upon a Time: The Storytelling Card Game,2552,Thematic,6.4,9300,1993,8,1.37,3,6,30,30,5.5
123540,Tokaido,854,Family,6.9,29000,2012,8,1.74,2,5,45,45,7.43
123570,Strike,1284,Party,7.0,5500,2012,8,1.02,2,5,15,15,9.99
124172,Tsuro of the Seas,2213,Family,6.5,7000,2012,8,1.41,2,8,20,40,10.79
124361,Concordia,29,Strategy,8.1,46000,2013,13,2.99,2,5,100,100,16.9
124708,Mice and Mystics,568,Thematic,7.2,21000,2012,7,2.74,1,4,60,90,33.96
124742,Android: Netrunner,84,Customizable,7.9,31000,2012,14,3.42,2,2,45,45,25.99
12493,Twilight Imperium: Third Edition,152,Thematic,7.8,20000,2005,14,4.26,4,6,180,240,9.97
124,Primordial Soup,1490,Strategy,6.9,4800,1997,12,2.74,3,4,90,90,20.0
125153,The Gallerist,85,Strategy,8.0,17000,2015,13,4.21,1,4,60,150,65.0
125618,Libertalia,670,Strategy,7.1,15000,2012,14,2.23,3,6,40,60,29.0
125678,DC Deck-Building Game,1112,Thematic,7.1,8000,2012,15,1.99,2,4,45,45,24.88
1258,Phase 10,30871,Family,5.3,12000,1982,8,1.25,2,6,45,45,4.36
126042,Nations,273,Strategy,7.6,13000,2013,14,3.54,1,5,40,200,35.0
126163,Tzolk'in: The Mayan Calendar,77,Strategy,7.8,43000,2012,13,3.66,2,4,90,90,20.71
126792,Myrmes,884,Strategy,7.3,5800,2012,13,3.45,2,4,60,120,35.0
12692,Gloom,2492,Thematic,6.3,17000,2005,13,1.63,2,4,60,60,6.99
1269,Skip-Bo,13962,Family,5.7,10000,1967,8,1.19,2,6,20,20,2.99
127023,Kemet,203,Strategy,7.6,20000,2012,13,3.0,3,5,90,120,7.95
127024,Room 25,1714,Thematic,6.7,7300,2013,13,1.93,3,6,30,30,43.37
127060,Bora Bora,331,Strategy,7.6,11000,2013,12,3.73,2,4,60,120,80.0
127398,Legends of Andor,683,Thematic,7.1,21000,2012,10,2.77,1,4,60,90,2.95
128271,Ginkgopolis,437,Strategy,7.5,9000,2012,13,2.9,1,4,45,45,38.95
128621,Viticulture,321,Strategy,7.5,16000,2013,13,2.95,2,5,90,90,34.87
128671,Spartacus: A Game of Blood and Treachery,509,Thematic,7.5,9600,2012,17,2.73,3,,120,180,9.95
128882,The Resistance: Avalon,238,Party,7.5,37000,2012,13,1.74,5,10,30,30,7.47
128996,1775: Rebellion,663,War,7.6,4500,2013,10,2.32,2,4,60,120,75.99
12902,Carcassonne: The City,1091,Strategy,7.2,4600,2004,8,2.26,2,4,30,45,53.7
1293,Boggle,2985,Family,6.3,9000,1972,8,1.46,2,7,10,10,1.99
12942,No Thanks!,557,Family,7.1,31000,2004,8,1.13,3,7,20,20,16.08
129437,Legendary: A Marvel Deck Building Game,283,Thematic,7.5,23000,2012,14,2.43,1,4,30,60,11.0
1294,Clue,11114,Family,5.7,23000,1949,8,1.64,3,6,45,45,0.99
129622,Love Letter,370,Family,7.2,72000,2012,10,1.18,3,4,20,20,9.89
12962,Reef Encounter,1073,Strategy,7.1,5300,2004,10,3.68,2,4,60,120,
129736,Cockroach Poker Royal,1337,Party,7.0,4900,2012,8,1.14,3,6,15,25,9.7
129948,The Palaces of Carrara,1127,Strategy,7.1,5000,2012,10,2.59,2,4,60,60,17.01
12995,Dungeon Twister,1587,Strategy,6.8,6100,2004,11,2.88,2,2,60,60,89.99
12,Ra,114,Strategy,7.7,33000,1999,12,2.3,3,5,45,60,10.99
13004,The Downfall of Pompeii,771,Family,7.2,8800,2004,10,1.85,2,4,45,45,155.42
130176,Tales & Games: The Hare & the Tortoise,1342,Family,7.1,4400,2011,7,1.37,2,5,15,20,31.99
13122,Antiquity,446,Strategy,7.8,4700,2004,14,4.32,2,4,120,180,186.87
131260,Qwixx,994,Family,6.9,16000,2012,8,1.11,2,5,15,15,4.97
131325,Timeline: General Interest,1873,Party,6.8,4500,2012,8,1.07,2,8,15,15,17.0
131357,Coup,719,Party,7.0,53000,2012,13,1.41,3,6,15,15,1.99
131366,Eight-Minute Empire,1845,Strategy,6.5,9000,2012,13,1.63,2,5,8,20,18.0
131835,Boss Monster: The Dungeon Building Card Game,2778,Family,6.3,18000,2013,13,1.85,2,4,30,30,6.99
132531,Roll for the Galaxy,175,Strategy,7.6,34000,2014,13,2.78,2,5,45,45,39.95
132,Caesar & Cleopatra,2735,Strategy,6.4,4800,1997,10,1.91,2,2,60,60,5.59
133038,Pathfinder Adventure Card Game: Rise of the Runelords – Base Set,721,Thematic,7.2,13000,2013,13,2.72,1,,90,90,25.0
13308,Niagara,2142,Family,6.5,9100,2004,8,1.83,3,5,30,45,1.14
133473,Sushi Go!,665,Family,7.0,53000,2013,8,1.16,3,5,15,15,2.79
133848,Euphoria: Build a Better Dystopia,698,Strategy,7.2,11000,2013,13,3.11,2,6,60,60,15.26
1339,Dungeon!,5392,Thematic,6.0,4500,1975,8,1.55,2,6,30,60,1.0
134253,Hostage Negotiator,1616,Thematic,6.8,6300,2015,15,2.06,1,1,15,30,9.99
134352,Two Rooms and a Boom,1221,Party,7.0,6300,2013,8,1.48,8,,7,20,16.2
1345,Genoa,1130,Strategy,7.0,6300,2001,12,3.08,3,5,60,120,20.0
134726,Smash Up: Awesome Level 9000,910,Strategy,7.2,7200,2013,12,2.12,2,,45,45,34.99
1353,Time's Up!,792,Party,7.3,6300,1999,12,1.2,,,90,90,5.0
135779,A Fake Artist Goes to New York,765,Party,7.1,11000,2011,8,1.1,5,10,20,20,14.99
136063,Forbidden Desert,608,Family,7.1,33000,2013,10,2.04,1,5,45,45,6.76
13642,Louis XIV,1184,Strategy,7.0,5600,2005,12,3.01,2,4,75,100,11.9
136888,Bruges,391,Strategy,7.4,12000,2013,13,2.76,2,4,60,60,79.66
136991,Loony Quest,1346,Family,6.9,6800,2015,8,1.19,2,5,20,30,28.54
137269,Spyrium,1058,Strategy,7.0,6500,2013,12,2.91,2,5,75,75,9.99
137297,Rise of Augustus,1442,Family,6.7,8600,2013,8,1.65,2,6,30,30,11.38
137408,Amerigo,613,Strategy,7.4,6500,2013,10,2.97,2,4,90,90,57.09
137988,Zombicide Season 2: Prison Outbreak,1033,Thematic,7.3,4900,2013,13,2.67,1,6,60,60,45.0
138161,Firefly: The Game,522,Thematic,7.4,13000,2013,13,2.95,1,4,120,240,18.99
13823,Fairy Tale,1491,Strategy,6.7,9100,2004,10,1.77,2,5,30,30,20.0
1382,Winner's Circle,1220,Family,7.0,6000,2001,10,1.61,3,6,45,60,65.0
138788,Dungeon Roll,3869,Family,6.1,8600,2013,8,1.33,1,3,15,30,13.99
139030,Mascarade,1781,Party,6.5,11000,2013,10,1.53,4,11,30,30,16.5
139976,Cthulhu Wars,351,Thematic,7.8,6900,2015,14,3.15,3,,90,120,74.99
13,Catan,625,Strategy,7.1,143000,1995,10,2.28,3,4,60,120,1.49
1403,Turn the Tide,1650,Family,6.8,5300,1997,10,1.52,3,5,30,30,13.66
140603,Francis Drake,763,Strategy,7.4,5500,2013,14,2.91,4,5,90,120,49.99
140620,Lewis & Clark: The Expedition,335,Strategy,7.4,17000,2013,14,3.32,1,4,120,120,14.97
1406,Monopoly,30927,Family,4.4,40000,1935,8,1.62,3,6,60,180,1.71
140933,Blueprints,1467,Family,6.8,7100,2013,14,1.69,2,4,30,30,19.99
140934,Arboretum,439,Family,7.2,24000,2015,8,2.11,2,4,30,30,9.22
140,Pit,2254,Party,6.4,10000,1903,7,1.15,4,,30,90,4.0
14105,Commands & Colors: Ancients,254,War,7.8,9100,2006,12,2.69,2,2,60,60,62.73
1410,Trouble,30926,Children's,3.9,4700,1965,4,1.07,2,4,45,45,2.99
141423,Dead Men Tell No Tales,1364,Thematic,7.1,4400,2015,13,2.56,1,5,60,75,19.99
141572,Paperback,753,Strategy,7.1,11000,2014,8,2.0,2,4,45,45,39.95
142326,Eight-Minute Empire: Legends,1396,Strategy,6.9,5400,2013,13,1.96,2,4,8,20,19.99
142379,Escape Plan,637,Strategy,7.5,5900,2019,12,3.68,1,5,60,120,9.13
143515,Coal Baron,905,Strategy,7.3,5400,2013,10,2.54,2,4,60,75,80.0
143519,Quantum,780,Strategy,7.2,8000,2013,13,2.48,2,4,60,60,19.99
143693,Glass Road,393,Strategy,7.4,13000,2013,13,2.95,1,4,20,80,49.95
143741,BANG! The Dice Game,890,Party,6.9,27000,2013,8,1.28,5,8,15,15,7.99
143884,Machi Koro,1391,Family,6.6,36000,2012,10,1.52,2,4,30,30,9.95
143986,CV,1991,Family,6.6,6700,2013,10,1.84,2,4,60,60,
144344,Rococo,342,Strategy,7.6,9600,2013,12,3.09,2,5,60,120,78.8
144553,The Builders: Middle Ages,2534,Family,6.5,4800,2013,10,1.82,2,4,30,30,
144592,Bruxelles 1893,532,Strategy,7.6,5900,2013,13,3.58,2,5,50,125,39.99
144733,Russian Railroads,153,Strategy,7.7,19000,2013,13,3.4,2,4,120,120,34.24
144797,Argent: The Consortium,645,Strategy,7.6,4800,2015,10,3.75,2,4,60,150,35.0
145639,Coconuts,1344,Children's,7.0,4800,2013,6,1.04,2,4,20,20,20.66
145659,Scoville,1066,Strategy,7.1,5700,2014,13,2.78,2,5,60,90,39.99
146021,Eldritch Horror,139,Thematic,7.7,39000,2013,14,3.31,1,5,120,240,19.99
146278,Tash-Kalar: Arena of Legends,888,Abstract,7.1,7500,2013,13,2.84,2,4,30,30,22.0
146312,Ghost Fightin' Treasure Hunters,1281,Children's,7.1,4400,2013,8,1.62,1,4,30,30,3.48
146439,BattleLore: Second Edition,461,War,7.7,6600,2013,14,2.73,2,2,45,90,129.99
146508,T.I.M.E Stories,359,Thematic,7.3,29000,2015,12,2.59,2,4,90,90,13.4
1465,Wizard,858,Family,7.0,14000,1984,10,1.7,3,6,45,45,3.99
146652,Legendary Encounters: An Alien Deck Building Game,200,Thematic,7.8,14000,2014,17,2.71,1,4,30,60,99.95
146886,La Granja,278,Strategy,7.6,12000,2014,12,3.57,1,4,90,120,18.0
147020,Star Realms,178,Strategy,7.6,48000,2014,12,1.91,2,2,20,20,3.23
147151,Concept,1146,Party,6.7,22000,2013,10,1.38,3,12,40,40,7.5
1472,Five Crowns,4276,Family,6.1,4500,1996,8,1.21,3,7,30,30,5.49
147949,One Night Ultimate Werewolf,685,Party,7.0,31000,2014,8,1.38,4,10,10,10,5.0
148203,Dutch Blitz,1884,Party,6.8,5100,1960,8,1.24,3,,1,15,4.95
148228,Splendor,245,Family,7.4,91000,2014,10,1.77,2,4,30,30,6.97
148319,Tragedy Looper,1113,Thematic,7.2,4900,2011,13,3.55,2,4,120,120,12.0
148575,Marvel Dice Masters: Avengers vs. X-Men,1138,Customizable,7.1,5700,2014,14,2.3,2,2,60,60,9.88
148729,Maquis,845,Thematic,7.5,4500,2013,14,2.19,1,1,30,30,30.8
148949,Istanbul,192,Strategy,7.5,34000,2014,10,2.58,2,5,40,60,20.0
148951,Tiny Epic Kingdoms,1999,Strategy,6.5,8000,2014,13,2.11,2,5,30,45,5.99
149155,Dead Man's Draw,1474,Family,6.9,6300,2014,13,1.32,2,4,15,15,18.0
14996,Ticket to Ride: Europe,180,Family,7.5,86000,2005,8,1.92,2,5,30,60,3.0
150145,Skull King,288,Family,7.5,16000,2013,8,1.73,3,6,30,30,9.95
1502,Hotel,29945,Family,5.6,4300,1974,8,1.39,3,4,60,60,10.68
150312,Welcome to the Dungeon,1675,Party,6.5,15000,2013,10,1.24,2,4,30,30,2.49
150376,Dead of Winter: A Crossroads Game,255,Thematic,7.4,49000,2014,13,3.01,3,5,60,120,2.49
15062,Shadows over Camelot,597,Thematic,7.1,29000,2005,10,2.57,4,7,60,90,9.95
150658,Pandemic: The Cure,622,Strategy,7.2,11000,2014,8,2.07,1,5,30,30,17.5
150999,Valley of the Kings,1296,Strategy,7.0,5100,2014,14,2.18,2,4,45,45,19.99
150,PitchCar,528,Party,7.3,12000,1995,6,1.12,2,8,30,30,26.25
151022,Baseball Highlights: 2045,711,Thematic,7.5,4900,2015,9,2.2,,,45,45,14.95
151347,Millennium Blades,529,Thematic,7.7,5700,2016,12,3.65,2,5,80,120,
1513,The Republic of Rome,844,Strategy,7.5,4300,1990,14,4.37,4,6,300,300,235.0
152162,Diamonds,1453,Family,6.8,5800,2014,8,1.56,3,6,20,30,6.5
153065,Linko,1187,Family,7.0,6000,2014,10,1.39,3,5,20,20,9.47
15363,Nexus Ops,701,War,7.2,9400,2005,12,2.23,2,4,90,90,4.99
15364,Vegas Showdown,941,Strategy,7.1,6500,2005,12,2.36,3,5,75,75,9.0
153938,Camel Up,648,Family,7.0,29000,2014,8,1.5,3,7,20,30,24.99
154203,Imperial Settlers,402,Strategy,7.3,26000,2014,10,2.77,1,4,45,90,14.99
154246,La Isla,1416,Strategy,6.9,5900,2014,10,2.26,2,4,30,60,11.0
154458,Akrotiri,1106,Strategy,7.1,5000,2014,13,2.64,2,2,45,45,27.99
154597,Hive Pocket,,,7.7,15000,2010,9,2.21,2,2,20,20,12.5
154809,Nippon,555,Strategy,7.6,5400,2015,12,3.77,2,4,60,120,
155068,Arcadia Quest,369,Thematic,7.6,11000,2014,13,2.54,2,4,60,60,10.87
15512,Diamant,903,Party,6.8,24000,2005,8,1.11,3,8,20,40,2.99
155362,Ca$h 'n Guns: Second Edition,1077,Party,6.8,16000,2014,10,1.25,4,8,30,30,7.95
155426,Castles of Mad King Ludwig,235,Strategy,7.5,28000,2014,13,2.65,2,4,90,90,12.71
155624,Specter Ops,935,Thematic,7.1,6600,2015,9,2.39,2,5,60,120,11.74
155703,Evolution,786,Strategy,7.0,18000,2014,12,2.43,2,6,60,60,10.0
155821,Inis,125,Strategy,7.8,23000,2016,14,2.94,2,4,60,90,80.09
155873,Power Grid Deluxe: Europe/North America,400,Strategy,7.9,4700,2014,12,3.2,2,6,120,120,115.0
155969,Harbour,2360,Strategy,6.5,5400,2015,10,2.08,2,4,30,60,13.0
155987,Abyss,442,Strategy,7.3,17000,2014,14,2.32,2,4,30,60,14.0
156009,Port Royal,640,Family,7.1,19000,2014,8,1.63,2,5,20,50,11.38
156129,Deception: Murder in Hong Kong,290,Party,7.4,25000,2014,14,1.59,5,12,20,20,15.99
156336,Onirim (Second Edition),865,Strategy,7.0,11000,2014,10,1.61,1,2,15,15,16.95
156546,Monikers,304,Party,7.8,7900,2015,17,1.09,,,30,60,13.5
156566,Lords of Xidit,1031,Strategy,7.1,6500,2014,14,2.64,4,5,90,90,14.99
156858,Black Orchestra,539,Thematic,7.5,7400,2016,14,2.42,1,5,90,90,44.13
157354,Five Tribes: The Djinns of Naqala,97,Strategy,7.8,45000,2014,13,2.84,2,4,40,80,23.39
157403,Black Fleet,1254,Family,7.0,5800,2014,14,1.94,3,4,60,60,29.99
157526,Viceroy,1614,Strategy,6.8,5800,2014,13,2.64,2,4,45,60,8.99
157809,Nations: The Dice Game,1315,Strategy,6.9,5900,2014,14,2.01,1,4,20,40,22.5
157969,Sheriff of Nottingham,618,Party,7.0,38000,2014,14,1.66,3,5,60,60,2.07
15817,Manila,1176,Family,7.0,6400,2005,10,2.04,3,5,60,60,
15818,Pick-omino,1627,Family,6.6,13000,2005,8,1.16,2,6,20,20,14.28
158600,Hanamikoji,284,Family,7.5,22000,2013,10,1.67,2,2,15,15,14.02
158899,Colt Express,559,Family,7.1,36000,2014,10,1.83,3,6,40,40,1.14
158900,Samurai Spirit,2195,Strategy,6.6,5100,2014,10,2.13,1,7,20,45,9.99
159508,AquaSphere,738,Strategy,7.2,7700,2014,12,3.68,2,4,100,100,34.99
159675,Fields of Arle,103,Strategy,8.0,13000,2014,13,3.85,1,2,60,120,45.52
15987,Arkham Horror,485,Thematic,7.2,40000,2005,14,3.59,1,6,120,240,1.9
160010,Conan,776,Thematic,7.6,4900,2016,14,2.78,2,5,90,90,85.0
160069,Ticket to Ride: 10th Anniversary,,,8.2,5700,2014,8,1.89,2,5,30,60,17.07
160477,Onitama,360,Abstract,7.3,25000,2014,10,1.66,2,2,15,20,4.99
160499,King of New York,1004,Family,6.9,17000,2014,10,1.87,3,6,40,40,16.0
160851,Lanterns: The Harvest Festival,1118,Family,6.9,12000,2015,8,1.54,2,4,30,30,9.99
161417,Red7,968,Family,6.9,17000,2014,9,1.7,2,4,5,30,11.13
161533,Lisboa,69,Strategy,8.2,13000,2017,12,4.56,1,4,60,120,29.99
161614,Stockpile,566,Strategy,7.4,7800,2015,13,2.13,3,5,45,45,130.0
161936,Pandemic Legacy: Season 1,3,Thematic,8.5,58000,2015,13,2.83,2,4,60,60,9.27
161970,Alchemists,179,Strategy,7.6,25000,2014,12,3.92,2,4,120,120,3.0
162007,Steampunk Rally,926,Strategy,7.1,7200,2015,14,2.62,2,6,45,60,22.95
162082,Deus,614,Strategy,7.3,9800,2014,14,2.82,2,4,60,90,14.99
162886,Spirit Island,11,Strategy,8.3,64000,2017,13,4.07,1,4,90,120,13.0
163068,Trickerion: Legends of Illusion,123,Strategy,8.0,13000,2015,14,4.27,2,4,60,180,49.99
163166,One Night Ultimate Werewolf: Daybreak,818,Party,7.3,6500,2015,8,1.41,4,9,10,10,7.19
163412,Patchwork,148,Abstract,7.6,74000,2014,8,1.6,2,2,15,30,9.99
163602,XCOM: The Board Game,1046,Thematic,7.0,9500,2015,14,2.91,2,4,60,120,29.99
163745,Star Wars: Armada,480,War,7.8,5700,2015,14,3.15,2,,120,120,54.95
163839,Feudum,814,Strategy,7.6,4400,2018,12,4.59,2,5,80,180,14.49
16395,Blokus Duo,1483,Abstract,6.8,6100,2005,5,1.67,2,2,10,20,1.0
163967,Tiny Epic Galaxies,398,Strategy,7.3,22000,2015,14,2.15,1,4,30,45,14.0
163968,Elysium,682,Strategy,7.2,10000,2015,14,2.77,2,4,60,60,15.0
163,Balderdash,2370,Party,6.5,6600,1984,12,1.39,4,,60,60,6.67
164153,Star Wars: Imperial Assault,87,Thematic,8.0,26000,2014,14,3.3,2,5,60,120,2.99
164928,Orléans,35,Strategy,8.0,36000,2014,12,3.01,2,4,90,90,31.76
16496,Roma,1867,Strategy,6.7,4800,2005,8,2.01,2,2,45,45,10.99
165722,KLASK,261,Party,7.6,12000,2014,8,1.05,2,2,10,10,24.99
165950,Beasty Bar,1724,Family,6.8,4800,2014,8,1.41,2,4,20,20,17.12
166384,Spyfall,1116,Party,6.7,22000,2014,13,1.23,4,8,15,15,8.99
166669,San Juan (Second Edition),523,Strategy,7.4,7900,2014,10,2.1,2,4,45,60,39.91
167355,Nemesis,25,Thematic,8.2,38000,2018,12,3.49,1,5,90,180,62.99
167400,Ashes Reborn: Rise of the Phoenixborn,861,Customizable,7.3,6400,2015,14,2.91,2,2,30,120,17.49
16747,Tumblin' Dice,909,Party,7.3,5200,2004,7,1.05,2,,20,45,113.7
167791,Terraforming Mars,9,Strategy,8.3,114000,2016,12,3.27,1,4,120,120,3.75
168435,Between Two Cities,914,Family,7.0,12000,2015,14,1.81,3,7,25,25,19.0
168584,Love Letter: Batman,870,Family,7.3,5900,2015,10,1.19,3,4,20,20,55.0
169124,Flick 'em Up!,1205,Family,6.8,9500,2015,7,1.35,2,6,30,45,59.99
169255,A Game of Thrones: The Card Game (Second Edition),803,Customizable,7.5,5200,2015,14,3.53,2,4,60,120,19.0
169426,Roll Player,299,Strategy,7.4,23000,2016,10,2.42,1,4,60,90,19.0
169654,Deep Sea Adventure,942,Family,6.9,21000,2014,8,1.18,3,6,30,30,12.0
169786,Scythe,26,Strategy,8.1,94000,2016,14,3.45,1,5,115,115,4.58
16986,Ubongo,1569,Family,6.7,11000,2003,8,1.49,2,4,25,25,18.3
16992,Tsuro,1252,Abstract,6.7,31000,2005,8,1.22,2,8,15,20,10.79
170042,Raiders of the North Sea,136,Strategy,7.7,27000,2015,12,2.57,2,4,60,80,56.79
170216,Blood Rage,66,Strategy,7.9,52000,2015,14,2.88,3,,60,90,51.89
17025,Poison,2673,Family,6.5,4400,2005,8,1.19,3,6,30,30,15.99
170416,Vast: The Crystal Caverns,998,Thematic,7.1,7400,2016,10,3.65,2,5,75,150,16.99
17053,Sleeping Queens,2648,Children's,6.5,5500,2005,8,1.06,2,5,20,20,12.17
170561,Valeria: Card Kingdoms,672,Strategy,7.4,6500,2016,13,1.96,2,4,30,45,19.77
170624,Crusaders: Thy Will Be Done,658,Strategy,7.5,5500,2018,14,2.48,2,4,40,60,17.97
170771,Sword & Sorcery: Immortal Souls,549,Thematic,7.9,5400,2017,13,4.12,1,4,60,150,6.95
170,Family Business,4452,Thematic,6.1,4300,1982,8,1.32,3,6,30,30,39.99
171131,Captain Sonar,248,Thematic,7.5,24000,2016,14,2.21,6,8,45,60,15.0
171233,The Big Book of Madness,1363,Strategy,6.9,7300,2015,12,2.69,2,4,60,90,3.99
171273,FUSE,987,Family,7.0,9300,2015,10,1.66,1,5,10,10,4.49
17133,Railways of the World,243,Strategy,7.7,13000,2005,10,3.02,3,6,120,120,35.0
171499,Cacao,789,Family,7.1,12000,2015,8,1.82,2,4,45,45,17.11
171623,The Voyages of Marco Polo,121,Strategy,7.8,26000,2015,12,3.18,2,4,40,100,28.45
171668,The Grizzled,673,Thematic,7.1,16000,2015,14,1.97,3,5,30,30,9.49
171669,Discoveries: The Journals of Lewis & Clark,1278,Strategy,7.0,5100,2015,14,2.36,2,4,60,60,24.99
171,Chess,463,Abstract,7.2,41000,1475,6,3.64,2,2,,,6.99
172081,Burgle Bros.,422,Thematic,7.4,13000,2015,12,2.31,1,4,45,90,
172225,Exploding Kittens,4000,Party,6.1,42000,2015,7,1.08,3,5,15,15,1.99
17223,World of Warcraft: The Boardgame,1911,Thematic,6.7,6000,2005,12,3.52,,,180,180,220.97
172242,Exploding Kittens: NSFW Edition,3461,Party,6.2,11000,2015,18,1.08,3,5,10,20,2.99
17226,Descent: Journeys in the Dark,632,Thematic,7.3,12000,2005,13,3.35,2,5,120,240,11.95
172287,Champions of Midgard,168,Strategy,7.7,19000,2015,10,2.62,2,4,60,90,28.0
172308,Broom Service,669,Strategy,7.2,12000,2015,10,2.39,2,5,30,75,6.76
172386,Mombasa,145,Strategy,7.8,14000,2015,12,3.89,2,4,75,150,65.08
172818,Above and Below,430,Thematic,7.3,17000,2015,13,2.51,2,4,90,90,20.0
172931,Outfoxed!,1088,Children's,7.1,5700,2014,5,1.1,2,4,20,20,2.99
172933,Dragonwood,2375,Family,6.6,5400,2015,8,1.35,2,4,20,20,2.95
172,For Sale,357,Family,7.3,35000,1997,10,1.25,3,6,30,30,9.0
173090,The Game,1335,Family,6.7,14000,2015,8,1.24,1,5,20,20,5.69
17329,Animal Upon Animal,1374,Children's,6.8,9200,2005,4,1.04,2,4,15,15,2.99
173346,7 Wonders Duel,24,Strategy,8.1,110000,2015,10,2.23,2,2,30,30,8.57
173,Formula Dé,1102,Thematic,7.0,8000,1997,10,1.95,3,10,120,120,25.0
174430,Gloomhaven,4,Thematic,8.5,67000,2017,14,3.92,1,4,60,120,4.98
174660,New York 1901,1523,Family,6.8,6600,2015,8,2.05,2,4,30,60,9.99
174785,Mare Nostrum: Empires,802,War,7.5,4400,2016,14,2.99,3,,90,120,37.99
175117,Celestia,988,Family,6.9,13000,2015,8,1.32,3,6,30,30,25.01
175155,Forbidden Stars,158,Strategy,8.0,10000,2015,14,3.84,2,4,120,180,260.0
175199,Mottainai,1292,Strategy,7.0,4700,2015,13,3.17,2,3,15,30,11.22
175324,Fog of Love,1808,Thematic,6.6,8700,2017,17,2.25,2,2,60,120,9.99
175621,Epic Card Game,3010,Customizable,6.4,5000,2015,13,2.52,2,4,20,40,0.99
175640,Vinhos: Deluxe Edition,155,Strategy,8.0,8000,2016,12,4.0,1,4,90,180,40.0
175914,Food Chain Magnate,51,Strategy,8.0,23000,2015,14,4.19,2,5,120,240,90.4
176083,Hit Z Road,1847,Thematic,6.8,4800,2016,12,1.87,1,4,30,60,49.95
176165,Dale of Merchants,1024,Strategy,7.1,6200,2015,10,2.1,2,4,30,30,
176189,Zombicide: Black Plague,291,Thematic,7.6,17000,2015,14,2.47,1,6,60,180,65.0
176229,Tides of Time,1840,Strategy,6.6,7700,2015,10,1.55,2,2,20,20,4.52
176396,Quadropolis,588,Family,7.2,14000,2016,8,2.2,2,4,30,60,3.82
176494,Isle of Skye: From Chieftain to King,293,Strategy,7.4,27000,2015,8,2.26,2,5,30,50,8.05
176558,Mafia de Cuba,2441,Party,6.5,4600,2015,10,1.47,6,12,10,20,40.0
176734,The Manhattan Project: Energy Empire,372,Strategy,7.7,6600,2016,13,3.04,1,5,60,120,25.0
176920,Mission: Red Planet (Second/Third Edition),434,Strategy,7.4,12000,2015,14,2.22,3,6,45,90,20.0
177478,IKI,478,Strategy,7.6,6900,2015,14,3.06,2,4,60,90,33.0
177524,ICECOOL,1200,Children's,6.8,12000,2016,6,1.06,2,4,30,30,4.95
177590,"13 Days: The Cuban Missile Crisis, 1962",1096,War,7.2,4700,2015,10,2.34,2,2,45,45,59.99
177639,Raptor,647,Strategy,7.2,11000,2015,9,2.08,2,2,30,30,15.0
177736,A Feast for Odin,27,Strategy,8.2,34000,2016,12,3.87,1,4,30,120,18.15
178336,World's Fair 1893,1227,Strategy,7.1,4300,2016,10,2.03,2,4,35,45,15.99
178900,Codenames,161,Party,7.5,105000,2015,10,1.25,4,,15,15,6.78
179172,Unfair,985,Thematic,7.3,5700,2017,14,2.72,2,5,50,125,2.39
179275,One Deck Dungeon,1013,Thematic,6.9,13000,2016,14,2.09,1,2,30,45,12.99
179572,Dice City,1787,Strategy,6.7,5500,2015,14,2.02,1,3,45,60,17.5
180020,Virus!,1894,Party,6.7,8300,2015,8,1.06,3,5,20,20,9.99
180263,The 7th Continent,166,Thematic,7.7,23000,2017,14,2.9,1,2,5,1000,32.99
180511,Shakespeare,847,Strategy,7.4,4600,2015,13,3.01,2,4,20,90,75.0
180593,The Bloody Inn,784,Strategy,7.1,11000,2015,14,2.35,1,4,30,60,22.75
180852,Tiny Epic Western,2264,Strategy,6.6,4400,2016,14,2.87,,,30,45,4.95
180974,Potion Explosion,598,Family,7.1,22000,2015,8,1.78,2,4,30,45,31.0
18100,China,1393,Strategy,7.0,4600,2005,12,2.28,3,5,45,45,14.83
181279,Fury of Dracula (Third/Fourth Edition),405,Thematic,7.4,16000,2015,14,3.28,2,5,120,180,63.96
181304,Mysterium,451,Thematic,7.2,49000,2015,10,1.89,3,7,42,42,14.92
181345,Dr. Eureka,2390,Children's,6.5,4300,2015,8,1.06,2,4,15,15,2.0
181521,Warhammer Quest: The Adventure Card Game,937,Thematic,7.3,5700,2015,14,2.74,1,4,30,60,17.99
181530,Runebound (Third Edition),668,Thematic,7.5,6700,2015,14,2.72,1,3,120,180,74.99
181687,The Pursuit of Happiness,950,Thematic,7.1,6300,2015,12,2.59,1,4,60,90,9.99
181810,Kodama: The Tree Spirits,1877,Family,6.7,6200,2016,14,1.64,2,5,30,30,7.79
181,Risk,29794,War,5.6,39000,1959,10,2.06,3,6,120,120,1.49
182028,Through the Ages: A New Story of Civilization,18,Strategy,8.2,35000,2015,14,4.44,2,4,120,120,14.0
182134,Evolution: Climate,541,Strategy,7.4,8600,2016,12,2.74,2,5,60,60,29.99
18258,Mission: Red Planet,1618,Strategy,6.9,4400,2005,10,2.32,3,5,60,60,21.47
182631,Star Realms: Colony Wars,265,Strategy,7.8,8900,2015,12,1.87,2,,20,20,9.0
182874,Grand Austria Hotel,68,Strategy,8.0,25000,2015,12,3.2,2,3,60,120,39.99
1829,Risk 2210 A.D.,1952,War,6.7,7400,2001,10,2.72,3,5,240,240,2.99
183006,Qwinto,1558,Family,6.9,4500,2015,8,1.31,2,6,15,15,12.3
183251,Karuba,674,Family,7.2,12000,2015,8,1.43,2,4,30,40,15.19
183394,Viticulture Essential Edition,43,Strategy,8.0,56000,2015,13,2.9,1,5,45,90,34.87
183840,Oh My Goods!,851,Strategy,7.0,14000,2015,10,2.3,2,4,30,30,17.14
183880,Risk: Star Wars Edition,1458,Thematic,7.0,4500,2015,10,1.87,2,2,30,45,2.99
184267,On Mars,58,Strategy,8.2,15000,2020,14,4.63,1,4,90,150,3.0
184921,Bunny Kingdom,388,Strategy,7.4,15000,2017,12,2.3,2,4,40,60,25.49
185343,Anachrony,61,Strategy,8.0,22000,2017,15,4.0,1,4,30,120,52.49
18602,Caylus,141,Strategy,7.7,30000,2005,12,3.79,2,5,60,150,21.05
187617,Nemo's War (Second Edition),411,War,7.8,5800,2017,13,3.3,1,1,60,120,38.5
187645,Star Wars: Rebellion,10,Thematic,8.4,37000,2016,14,3.75,2,2,180,240,2.75
18803,Black Stories,4815,Party,6.0,5500,2004,12,1.26,3,11,20,20,3.3
18833,The Lord of the Rings: The Confrontation,552,Strategy,7.5,6800,2005,14,2.19,2,2,30,30,3.75
188834,Secret Hitler,267,Party,7.5,35000,2016,13,1.74,6,10,45,45,
188866,Awkward Guests: The Walton Case,410,Strategy,7.5,9800,2016,12,2.32,2,6,45,75,31.99
188920,This War of Mine: The Board Game,220,Thematic,7.8,15000,2017,18,3.33,1,3,45,120,35.0
188,Go,237,Abstract,7.7,18000,-2200,8,3.92,2,2,30,180,8.99
1897,The Starfarers of Catan,1682,Strategy,6.8,5500,1999,12,2.58,3,4,120,120,12.0
189932,Tyrants of the Underdark,163,Strategy,7.9,11000,2016,14,2.54,2,4,60,60,341.32
18,RoboRally,656,Thematic,7.0,25000,1994,12,2.43,3,8,45,120,13.49
190082,Whitehall Mystery,749,Strategy,7.5,4700,2017,13,2.13,2,4,45,60,28.95
19100,Hacienda,1604,Strategy,6.9,4300,2005,10,2.63,2,5,60,90,17.07
191051,Outlive,1041,Strategy,7.3,5000,2017,14,3.03,2,4,40,110,56.06
191189,Aeon's End,109,Strategy,7.9,24000,2016,14,2.8,1,4,60,60,14.99
191231,Via Nebula,1327,Strategy,7.0,4900,2016,12,2.25,2,4,45,60,9.99
191300,Archaeology: The New Expedition,1218,Family,7.1,4700,2016,10,1.27,2,5,20,30,54.0
1917,Stratego,3113,Abstract,6.2,18000,1946,8,1.85,2,2,45,45,2.99
191862,Imhotep,629,Family,7.1,17000,2016,10,2.02,2,4,40,40,3.99
191894,Imagine,1792,Party,6.8,4800,2015,12,1.06,3,8,20,20,8.99
191925,Bandido,2528,Family,6.4,7600,2016,6,1.13,1,4,10,15,6.0
191977,The Castles of Burgundy: The Card Game,1161,Strategy,6.9,7200,2016,12,2.59,1,4,30,60,21.13
192074,Odin's Ravens (Second Edition),1446,Family,7.0,4700,2016,10,1.24,2,2,15,30,25.41
192135,Too Many Bones,37,Thematic,8.3,17000,2017,12,3.87,1,4,60,120,200.0
192153,Reign of Cthulhu,558,Thematic,7.4,11000,2016,14,2.17,1,4,40,40,8.96
192291,Sushi Go Party!,286,Family,7.4,40000,2016,8,1.32,3,8,20,20,9.37
19237,Ca$h 'n Gun$,1744,Party,6.6,11000,2005,10,1.28,4,6,30,30,7.95
192457,Cry Havoc,1021,War,7.1,7200,2016,10,3.3,2,4,60,120,15.0
192458,51st State: Master Set,492,Strategy,7.5,7700,2016,14,2.89,1,4,60,90,3.97
1927,Munchkin,6489,Thematic,5.9,54000,2001,10,1.82,3,6,60,120,0.99
192836,The Colonists,750,Strategy,7.5,4500,2016,12,4.06,1,3,30,360,35.0
193037,Dead of Winter: The Long Night,431,Thematic,7.5,11000,2016,14,3.33,3,5,60,120,1.75
193042,Junk Art,620,Party,7.3,8300,2016,8,1.19,2,6,30,30,49.97
193214,Meeple Circus,1144,Family,7.0,6400,2017,8,1.41,2,5,45,45,39.99
193558,The Oracle of Delphi,834,Strategy,7.3,5500,2016,12,3.01,2,4,70,100,
193621,Joking Hazard,3548,Party,6.2,6700,2016,18,1.03,3,7,30,90,6.91
193738,Great Western Trail,21,Strategy,8.1,44000,2016,12,3.7,2,4,75,150,17.0
194594,Dice Forge,501,Family,7.2,25000,2017,10,1.97,2,4,45,45,23.99
194607,Mystic Vale,596,Strategy,7.2,13000,2016,14,2.26,2,4,45,45,15.95
194626,Happy Salmon,1802,Party,6.6,7000,2016,6,1.06,4,8,2,2,5.0
194655,Santorini,313,Abstract,7.3,42000,2016,8,1.72,2,3,20,20,10.0
194879,Not Alone,979,Strategy,7.0,12000,2016,10,2.0,3,7,30,45,19.95
194880,Dream Home,1330,Family,6.9,7800,2016,7,1.66,2,4,30,30,8.99
195043,Welcome Back to the Dungeon,1977,Family,6.7,4800,2016,10,1.31,2,4,30,30,6.93
195314,Herbaceous,1208,Family,7.0,6300,2017,8,1.22,1,4,15,20,15.0
195421,Near and Far,280,Thematic,7.6,11000,2017,13,2.9,2,4,90,120,34.95
195539,The Godfather: Corleone's Empire,460,Strategy,7.5,8600,2017,14,2.64,2,5,60,90,32.95
195544,Tides of Madness,1985,Strategy,6.7,4300,2016,10,1.49,2,2,20,20,0.99
19600,Antike,1285,Strategy,7.1,4800,2005,12,2.99,3,6,120,120,34.95
196326,Love Letter: Premium Edition,659,Party,7.4,6500,2016,8,1.29,3,8,20,30,109.99
196340,Yokohama,156,Strategy,7.8,14000,2016,14,3.27,2,4,90,90,19.99
196526,Coffee Roaster,1010,Strategy,7.3,4300,2015,12,2.16,1,1,10,30,37.27
197070,Massive Darkness,1470,Thematic,7.1,5000,2017,14,2.57,1,4,120,120,10.95
197376,Charterstone,643,Strategy,7.2,15000,2017,14,2.86,2,6,45,75,7.99
197443,Fugitive,1026,Family,7.1,5800,2017,10,1.64,2,2,5,20,24.99
19777,Indonesia,308,Strategy,7.9,5400,2005,14,3.98,3,5,180,240,114.41
197831,Dark Souls: The Board Game,3711,Thematic,6.4,4700,2017,14,3.16,1,4,90,120,70.0
198454,When I Dream,1348,Party,6.9,6200,2016,8,1.19,4,10,20,40,5.0
19857,Glory to Rome,295,Strategy,7.5,15000,2005,12,2.93,2,5,60,60,775.0
198740,Lovecraft Letter,947,Party,7.2,5800,2017,10,1.44,3,6,5,15,9.99
198773,Codenames: Pictures,507,Party,7.2,25000,2016,10,1.24,4,,15,15,6.78
198928,Iberia,160,Strategy,7.9,12000,2016,8,2.59,1,5,45,45,55.0
198994,Hero Realms,309,Strategy,7.5,20000,2016,12,1.84,2,4,20,20,13.0
199042,Harry Potter: Hogwarts Battle,456,Thematic,7.3,22000,2016,11,2.09,2,4,30,60,1.79
199478,Flamme Rouge,287,Family,7.5,20000,2016,8,1.7,2,4,30,45,24.93
199561,Sagrada,226,Abstract,7.5,48000,2017,14,1.92,1,4,30,45,4.0
199792,Everdell,45,Strategy,8.0,69000,2018,10,2.83,1,4,40,80,29.99
199,Manhattan,1661,Family,6.7,6100,1994,10,1.93,3,4,45,45,7.99
1,Die Macher,526,Strategy,7.6,6000,1986,14,4.3,4,5,240,240,79.66
200077,Mint Works,1311,Strategy,6.9,7100,2017,13,1.73,1,4,10,20,15.93
200147,Kanagawa,960,Family,7.0,9700,2016,10,1.99,2,4,45,45,20.0
200680,Agricola (Revised Edition),86,Strategy,8.0,21000,2016,12,3.45,1,4,30,120,28.44
20100,Wits & Wagers,868,Party,6.9,16000,2005,10,1.2,4,,25,25,5.99
201808,Clank!: A Deck-Building Adventure,101,Strategy,7.8,48000,2016,12,2.23,2,4,30,60,4.68
201825,Ex Libris,970,Strategy,7.1,7000,2017,10,2.53,1,4,45,45,9.0
201921,Tiny Epic Quest,1167,Strategy,6.9,8000,2017,14,2.69,1,4,30,60,12.75
202408,Adrenaline,1134,Thematic,7.0,7200,2016,12,2.38,3,5,30,60,29.99
202426,Sidereal Confluence,394,Strategy,7.8,6300,2017,14,3.57,4,9,120,180,35.0
202670,Ticket to Ride: Rails & Sails,819,Family,7.4,5400,2016,10,2.48,2,5,60,120,25.0
203416,EXIT: The Game – The Pharaoh's Tomb,891,Thematic,7.1,7000,2016,12,2.73,1,4,45,90,4.99
203417,EXIT: The Game – The Secret Lab,986,Thematic,7.0,7400,2016,12,2.52,1,4,45,150,3.99
203420,EXIT: The Game – The Abandoned Cabin,421,Thematic,7.4,12000,2016,12,2.54,1,4,60,120,4.02
203427,Fabled Fruit,1165,Family,7.0,6500,2016,8,1.61,3,5,20,30,19.99
203993,Lorenzo il Magnifico,143,Strategy,7.8,16000,2016,12,3.29,2,4,60,120,30.0
204027,Cottage Garden,1239,Family,6.8,8900,2016,8,1.89,1,4,60,60,49.99
204135,Skyjo,1947,Family,6.6,6900,2015,8,1.05,2,6,15,45,10.36
204305,Sherlock Holmes Consulting Detective: Jack the Ripper & West End Adventures,563,Thematic,7.5,6600,2016,12,2.21,1,4,90,90,6.97
20437,Lords of Vegas,603,Strategy,7.4,8200,2010,12,2.34,3,4,60,90,74.98
204472,Sub Terra,787,Thematic,7.4,6400,2017,10,2.13,1,6,60,60,53.33
204583,Kingdomino,330,Family,7.3,53000,2016,8,1.24,2,4,15,25,7.15
204836,Escape Room: The Game,1654,Family,6.9,4400,2016,16,2.25,1,4,60,60,8.05
205059,Mansions of Madness: Second Edition,79,Thematic,7.9,41000,2016,14,2.69,1,5,120,180,29.9
205359,Star Wars: Destiny,813,Customizable,7.4,5700,2016,10,2.45,2,2,30,30,1.5
205398,Citadels,570,Family,7.2,17000,2016,10,2.05,3,7,30,60,9.0
20551,Shogun,319,Strategy,7.5,15000,2006,12,3.36,3,5,90,120,68.44
205597,Jump Drive,1247,Strategy,7.0,5500,2017,13,2.02,1,4,10,30,18.0
205610,A Game of Thrones: Hand of the King,2285,Family,6.6,4800,2016,14,1.24,2,4,15,30,3.49
205637,Arkham Horror: The Card Game,33,Customizable,8.1,48000,2016,14,3.57,1,,60,120,14.99
205896,Rising Sun,154,Strategy,7.8,23000,2018,14,3.3,3,,90,120,44.49
206051,Insider,1274,Party,7.0,5100,2016,9,1.11,4,8,15,15,14.99
206718,Ethnos,339,Strategy,7.5,15000,2017,14,2.11,2,6,45,60,55.97
206931,Encore!,1350,Family,6.9,6100,2016,8,1.16,1,6,20,20,5.69
206941,First Class: All Aboard the Orient Express!,691,Strategy,7.4,6000,2016,14,2.8,2,4,40,80,55.96
207336,Honshū,1472,Family,6.9,5400,2016,8,1.93,2,5,30,30,14.99
207830,5-Minute Dungeon,1133,Family,6.9,12000,2017,8,1.13,2,5,5,30,4.95
2083,Checkers,30904,Abstract,4.9,9700,1150,6,1.7,2,2,30,30,6.69
209010,Mechs vs. Minions,92,Thematic,7.9,18000,2016,14,2.45,2,4,60,120,139.99
2093,Mahjong,1012,Abstract,7.1,8300,1850,8,2.58,4,4,120,120,45.0
209418,Dominion: Second Edition,177,Strategy,7.8,13000,2016,14,2.17,2,4,30,30,17.43
20963,Fury of Dracula (Second Edition),899,Thematic,7.1,9500,2005,10,2.95,2,5,120,180,54.99
209685,Century: Spice Road,389,Family,7.3,28000,2017,8,1.8,2,5,30,45,14.0
209778,Magic Maze,796,Party,6.9,24000,2017,8,1.75,2,6,15,15,12.41
21050,Combat Commander: Europe,279,War,8.0,6200,2006,12,3.26,2,2,60,180,46.0
211534,Bears vs Babies,30815,Party,5.4,5500,2017,7,1.24,3,5,15,20,1.99
212402,The Grimm Forest,1173,Family,7.1,6400,2018,14,1.92,3,4,45,60,34.87
21241,Neuroshima Hex,420,Strategy,7.4,16000,2006,8,2.61,2,4,30,30,9.0
213460,Unlock!: Escape Adventures,702,Thematic,7.3,7100,2017,10,2.12,1,4,45,75,7.0
21348,Ticket to Ride: Märklin,513,Strategy,7.4,9400,2006,8,2.24,2,5,30,60,74.99
2136,Pachisi,30916,Children's,4.5,6200,400,5,1.18,2,4,30,30,3.99
213893,Yamataï,872,Strategy,7.2,7100,2017,13,2.96,2,4,40,80,35.0
21523,Runebound: Second Edition,1302,Thematic,6.9,8200,2005,12,2.68,1,4,120,240,38.83
215311,Downforce,514,Family,7.3,15000,2017,10,1.73,2,6,20,40,24.95
215341,Thunderstone Quest,586,Strategy,7.7,4800,2018,14,2.89,2,3,60,90,35.99
215,Tichu,252,Strategy,7.6,17000,1991,10,2.35,4,4,30,90,4.0
216132,Clans of Caledonia,78,Strategy,7.9,23000,2017,12,3.47,1,4,30,120,70.0
216459,The Lost Expedition,1022,Thematic,7.0,8100,2017,14,1.87,1,3,30,50,24.99
2165,Pokémon Trading Card Game,2819,Customizable,6.4,5400,1996,6,2.05,2,2,20,20,49995.0
216600,Fantastic Factories,572,Strategy,7.4,8100,2019,14,2.23,1,5,45,60,22.65
216734,Dice Throne: Season One,714,Family,7.5,6700,2018,8,2.07,2,4,20,40,20.0
217085,Unearth,1693,Family,6.8,5500,2017,8,1.94,2,4,30,60,21.99
217372,The Quest for El Dorado,122,Family,7.7,33000,2017,10,1.94,2,4,30,60,21.99
217449,NMBR 9,1304,Abstract,6.8,8300,2017,8,1.22,1,4,20,20,10.28
21763,Mr. Jack,810,Strategy,7.0,19000,2006,9,2.17,2,2,30,30,9.75
217861,Paper Tales,1234,Strategy,7.0,5600,2017,12,2.18,2,5,30,30,20.0
21790,Thurn and Taxis,611,Strategy,7.1,21000,2006,10,2.26,2,4,60,60,1.14
218121,Dice Hospital,966,Strategy,7.1,7200,2018,10,2.34,1,4,45,90,29.95
218333,Rhino Hero: Super Battle,922,Children's,7.2,6000,2017,5,1.1,2,4,10,20,12.3
218417,Aeon's End: War Eternal,150,Strategy,8.2,6700,2017,14,2.93,1,4,60,60,40.0
218603,Photosynthesis,820,Family,6.9,26000,2017,10,2.27,2,4,30,60,2.99
21882,Blue Moon City,923,Strategy,7.0,9000,2006,14,2.29,2,4,30,50,10.0
219215,Werewords,1005,Party,7.1,6400,2017,8,1.15,4,10,10,10,4.78
219513,Bärenpark,428,Family,7.3,21000,2017,8,1.66,2,4,30,45,25.47
220308,Gaia Project,13,Strategy,8.3,32000,2017,12,4.4,1,4,60,150,56.23
220517,The Shipwreck Arcana,842,Strategy,7.4,4600,2017,12,2.22,2,5,10,30,19.99
220520,Caverna: Cave vs Cave,955,Strategy,7.1,7400,2017,10,2.56,1,2,20,40,13.76
220877,Rajas of the Ganges,170,Strategy,7.7,16000,2017,12,2.9,2,4,45,75,57.04
220,High Society,531,Family,7.2,17000,1995,10,1.48,3,5,15,30,4.99
221107,Pandemic Legacy: Season 2,73,Thematic,8.0,18000,2017,14,3.25,2,4,60,60,2.99
221194,Dinosaur Island,281,Strategy,7.5,17000,2017,8,3.04,1,4,90,120,4.95
22141,Cleopatra and the Society of Architects,1489,Strategy,6.8,6700,2006,10,2.28,3,5,60,60,35.0
221965,The Fox in the Forest,688,Family,7.1,18000,2017,10,1.61,2,2,30,30,6.8
221,Ikusa,1358,War,7.0,5400,1986,12,2.95,3,5,240,360,19.4
2223,UNO,30791,Family,5.5,34000,1971,6,1.1,3,8,30,30,2.24
222509,Lords of Hellas,496,Strategy,7.6,7700,2018,14,3.33,2,4,60,90,8.95
223040,Fantasy Realms,274,Family,7.5,19000,2017,14,1.81,2,5,20,20,12.0
223321,Detective: A Modern Crime Board Game,344,Thematic,7.6,11000,2018,16,2.74,1,4,120,180,10.0
22345,Yspahan,943,Strategy,7.0,8300,2006,8,2.37,2,4,45,60,11.42
223770,Startups,893,Family,7.2,6600,2017,10,1.58,3,5,20,20,16.1
223953,Kitchen Rush,1153,Thematic,7.2,4300,2017,12,2.19,1,4,30,45,24.57
224037,Codenames: Duet,275,Party,7.4,27000,2017,11,1.36,2,2,15,30,7.0
2243,Yahtzee,26251,Family,5.6,18000,1956,6,1.17,2,6,30,30,1.99
224517,Brass: Birmingham,1,Strategy,8.6,59000,2018,14,3.86,2,4,60,120,13.54
224710,Zombicide: Green Horde,761,Thematic,7.7,4700,2018,14,2.47,,,60,60,19.99
224783,Vindication,301,Strategy,7.8,8400,2018,14,3.1,2,5,45,150,4.0
224,History of the World,1269,War,7.1,4700,1991,12,2.76,4,6,135,270,21.97
22545,Age of Empires III: The Age of Discovery,390,Strategy,7.5,10000,2007,10,3.12,3,,90,120,38.0
225694,Decrypto,117,Party,7.8,28000,2018,12,1.83,4,8,15,45,1.99
226320,My Little Scythe,919,Family,7.2,6400,2018,8,2.01,1,6,45,60,19.99
226522,EXIT: The Game – Dead Man on the Orient Express,609,Thematic,7.5,5600,2017,12,2.64,1,4,60,120,5.99
227072,The Chameleon,2361,Party,6.5,6700,2017,14,1.05,4,8,15,15,5.5
227224,The Red Cathedral,225,Strategy,7.7,16000,2020,10,2.82,1,4,80,80,19.99
227456,Escape the Dark Castle,1570,Thematic,7.3,4500,2017,14,1.22,1,4,20,45,18.68
227789,Heaven & Ale,395,Strategy,7.5,9300,2017,12,3.16,2,4,60,90,49.99
227935,Wonderland's War,132,Strategy,8.0,11000,2022,13,3.04,3,5,45,125,25.0
2281,Pictionary,6026,Party,5.9,8700,1985,12,1.22,,,90,90,2.99
22827,StarCraft: The Board Game,697,Thematic,7.4,7800,2007,12,3.86,2,6,180,240,3.99
228341,Pulsar 2849,312,Strategy,7.6,9800,2017,14,3.34,2,4,60,90,33.37
228504,Cat Lady,1192,Family,7.0,7100,2017,8,1.37,2,4,15,30,11.99
228660,Betrayal at Baldur's Gate,1463,Thematic,7.1,4800,2017,12,2.58,3,6,60,60,12.0
229220,Santa Maria,540,Strategy,7.5,7600,2017,12,3.03,1,4,45,90,79.99
229853,Teotihuacan: City of Gods,111,Strategy,7.8,22000,2018,14,3.78,1,4,90,120,21.99
230080,Majesty: For the Realm,1264,Family,6.9,6800,2017,7,1.72,2,4,20,30,19.97
230244,Black Angel,1029,Strategy,7.2,5300,2019,12,3.87,1,4,60,120,17.12
230253,Star Realms: Frontiers,317,Strategy,7.9,6300,2018,12,1.88,1,4,20,45,14.99
230802,Azul,99,Abstract,7.7,109000,2017,8,1.77,2,4,30,45,2.99
230914,Carcassonne Big Box 6,,,8.1,5300,2017,7,1.95,2,6,35,35,1.99
231581,AuZtralia,846,Strategy,7.3,5300,2018,13,2.89,1,4,30,120,38.0
231733,Obsession,67,Thematic,8.1,18000,2018,14,3.11,1,4,30,90,71.64
232043,Queendomino,715,Family,7.1,12000,2017,8,2.06,2,4,25,25,9.99
232219,Dragon Castle,904,Abstract,7.1,8400,2017,8,1.99,2,4,30,45,27.15
232405,Western Legends,289,Thematic,7.6,13000,2018,14,2.85,3,5,60,90,52.44
232414,Oceans,642,Strategy,7.4,7700,2020,12,2.85,2,4,60,90,35.0
232832,Century: Golem Edition,277,Strategy,7.6,14000,2017,8,1.71,2,5,30,45,20.0
232918,Fallout,1341,Thematic,6.9,8900,2017,14,3.01,1,3,120,180,39.99
232988,The Castles of Burgundy: The Dice Game,1666,Family,6.9,4400,2017,10,1.89,1,5,15,30,25.03
233020,Fireball Island: The Curse of Vul-Kar,1755,Family,6.7,6600,2018,7,1.45,2,4,45,60,2.95
233078,Twilight Imperium: Fourth Edition,7,Thematic,8.6,29000,2017,14,4.36,3,6,240,480,9.97
233247,Civilization: A New Dawn,799,Strategy,7.2,7800,2017,14,3.21,2,4,60,120,15.0
233312,Stuffed Fables,612,Thematic,7.4,8300,2018,7,2.46,1,4,60,90,38.75
233371,Clank! In! Space!: A Deck-Building Adventure,162,Strategy,7.8,16000,2017,12,2.57,2,4,45,90,39.0
233398,Endeavor: Age of Sail,209,Strategy,7.8,10000,2018,13,2.85,2,5,60,90,55.0
233678,Indian Summer,1940,Family,6.8,4300,2017,10,2.15,1,4,15,60,29.95
233867,Welcome To...,214,Family,7.5,35000,2018,10,1.84,1,10,25,25,16.08
2338,Starship Catan,1696,Strategy,6.8,4600,2001,12,2.46,2,2,60,60,7.96
233961,Claim,1428,Family,6.9,5800,2017,10,1.65,2,2,25,25,15.41
234190,Unstable Unicorns,3556,Party,6.2,12000,2017,8,1.48,3,6,30,60,4.17
234277,Nusfjord,386,Strategy,7.6,7400,2017,12,2.87,1,5,20,100,47.8
234477,Battle for Rokugan,984,War,7.4,4300,2017,14,2.74,3,5,60,90,90.0
234487,Altiplano,483,Strategy,7.4,9800,2017,12,3.29,2,4,60,120,44.0
2346,DVONN,679,Abstract,7.4,5800,2001,9,2.65,2,2,30,30,26.99
234,Hannibal: Rome vs. Carthage,497,War,7.8,5100,1996,12,3.45,2,2,150,150,35.0
235488,Istanbul: The Dice Game,1076,Family,7.1,5400,2017,8,1.79,2,4,20,40,19.99
236191,London (Second Edition),502,Strategy,7.5,8000,2017,14,2.72,2,4,60,90,
236457,Architects of the West Kingdom,130,Strategy,7.7,33000,2018,12,2.76,1,5,60,80,29.99
237182,Root,34,War,8.1,65000,2018,14,3.84,3,4,60,90,19.95
2375,Sequence,3327,Family,6.2,12000,1982,7,1.31,,,10,30,1.97
2381,Scattergories,2748,Party,6.3,12000,1988,12,1.36,2,,30,30,2.97
2386,Chinese Checkers,30863,Abstract,5.2,5500,1893,7,1.58,,,30,30,5.5
238992,Call to Adventure,1126,Thematic,7.0,7100,2019,13,2.01,1,4,30,60,12.0
2389,Othello,3455,Abstract,6.2,9300,1883,8,2.07,2,2,30,30,0.99
239188,Chronicles of Crime,350,Thematic,7.5,25000,2018,12,2.06,1,3,60,90,7.79
2392,Mastermind,9406,Abstract,5.7,8600,1971,8,1.78,2,2,20,20,2.97
239464,Palm Island,1067,Family,7.1,7100,2018,10,1.75,1,2,15,15,10.85
2394,Dominoes,25725,Abstract,5.6,8200,1500,5,1.37,2,4,30,30,4.5
2397,Backgammon,1657,Abstract,6.6,15000,-3000,8,2.0,2,2,30,30,4.99
2398,Cribbage,752,Abstract,7.1,11000,1630,10,2.51,2,4,30,30,12.5
239942,Black Rose Wars,591,Strategy,7.9,4400,2019,14,3.44,3,4,90,90,49.99
240196,Betrayal Legacy,628,Thematic,7.6,5400,2018,12,2.92,3,5,45,90,3.0
24068,Shadow Hunters,1353,Party,6.8,9300,2005,13,1.82,5,8,60,60,15.95
2407,Sorry!,30918,Children's,4.6,7500,1929,6,1.16,2,4,30,30,1.29
240980,Blood on the Clocktower,65,Strategy,8.3,12000,2022,15,3.03,7,16,30,120,299.99
240,Britannia,1198,War,7.2,4400,1986,12,3.16,4,4,180,300,24.95
241266,Little Town,1188,Family,7.1,4800,2017,10,1.95,2,4,30,60,12.37
241451,Aeon's End: Legacy,258,Strategy,8.0,5900,2019,14,2.87,1,4,45,90,39.99
241590,Smart10,856,Party,7.4,4400,2017,10,1.17,2,6,20,120,22.75
241724,Villagers,927,Strategy,7.1,8300,2019,10,2.22,1,4,30,60,43.13
24181,Imperial,375,Strategy,7.6,9000,2006,13,3.56,3,6,120,180,37.29
242302,Space Base,228,Family,7.5,24000,2018,14,2.13,2,5,60,60,29.99
242574,Century: Eastern Wonders,916,Family,7.1,8100,2018,8,2.11,2,4,30,45,12.63
2425,Battleship,30913,Children's,4.8,12000,1931,8,1.2,2,2,30,30,1.27
242639,Treasure Island,841,Thematic,7.2,7200,2018,10,2.2,3,5,45,45,9.41
242,Junta,1903,Thematic,6.7,6000,1979,16,2.86,5,7,240,240,20.0
24310,The Red Dragon Inn,2149,Thematic,6.5,9400,2007,13,1.66,3,,45,45,9.45
244115,Shards of Infinity,737,Strategy,7.4,5800,2018,10,2.09,2,3,30,30,18.09
244228,Reef,928,Family,7.0,11000,2018,8,1.82,2,4,30,45,1.0
244271,Dice Throne: Season Two – Battle Chest,324,Family,8.0,5500,2018,8,2.17,2,4,20,40,
244331,Blue Lagoon,918,Abstract,7.2,5900,2018,8,2.04,2,4,30,45,37.99
244521,Quacks,80,Family,7.8,60000,2018,10,1.94,2,4,45,45,14.68
244522,That's Pretty Clever!,204,Family,7.5,28000,2018,8,1.85,1,4,30,30,7.97
244536,Tiny Epic Zombies,1407,Thematic,6.9,6100,2018,14,2.5,1,5,30,45,12.73
244608,Menara,867,Family,7.4,4400,2018,8,1.55,1,4,10,60,31.96
244711,Newton,473,Strategy,7.5,8100,2018,14,3.37,1,4,90,90,14.99
24480,The Pillars of the Earth,472,Strategy,7.3,19000,2006,12,2.81,2,4,90,120,10.28
2448,Kalah,4317,Abstract,6.0,8100,1940,5,1.6,2,2,10,10,4.17
244992,The Mind,1121,Party,6.7,38000,2018,8,1.07,2,,20,20,4.24
244995,Illusion,1749,Family,6.7,5700,2018,8,1.04,2,5,15,15,60.0
24508,Taluva,795,Abstract,7.1,9200,2006,8,2.25,2,4,45,45,27.4
2452,Jenga,10493,Party,5.7,18000,1983,6,1.1,2,6,20,20,1.64
2453,Blokus,907,Abstract,6.9,30000,2000,7,1.73,,,30,30,1.21
245476,CuBirds,1169,Family,6.9,9100,2018,8,1.31,2,5,20,20,19.34
245487,Orchard: 9 card solitaire game,1145,Abstract,7.2,4300,2018,8,1.19,1,1,5,10,
245638,Coimbra,263,Strategy,7.6,13000,2018,14,3.24,2,4,60,90,42.49
245643,Luxor,1028,Family,7.2,5300,2018,8,1.91,2,4,45,45,31.13
245654,Railroad Ink: Deep Blue Edition,641,Family,7.1,15000,2018,8,1.47,1,6,20,30,12.0
245655,The King's Dilemma,399,Thematic,7.7,7200,2019,14,2.26,4,5,45,60,39.99
245934,Carpe Diem,453,Strategy,7.5,8900,2018,10,2.54,2,4,45,75,9.5
245961,Fleet: The Dice Game,661,Strategy,7.6,4600,2018,8,2.51,1,4,30,45,9.0
246192,Gizmos,418,Strategy,7.4,15000,2018,14,2.06,2,4,40,50,22.0
246684,Smartphone Inc.,450,Strategy,7.6,7400,2018,14,2.81,3,5,60,90,20.0
246784,Cryptid,341,Strategy,7.4,17000,2018,10,2.25,3,5,30,50,13.95
246900,Eclipse: Second Dawn for the Galaxy,23,Strategy,8.4,18000,2020,14,3.67,2,6,60,200,93.44
2471,Zombies!!!,9002,Thematic,5.8,16000,2001,15,1.61,2,5,60,90,4.0
247367,"Air, Land, & Sea",426,Strategy,7.4,11000,2019,14,1.73,2,2,20,20,11.95
247763,Underwater Cities,52,Strategy,8.0,23000,2018,12,3.59,1,3,80,150,61.45
248490,Atlantis Rising (Second Edition),686,Strategy,7.5,5400,2019,10,2.48,1,6,60,120,9.97
248562,Mage Knight: Ultimate Edition,,,8.8,8600,2018,14,4.66,1,3,150,150,255.0
249259,War Chest,182,Abstract,7.8,13000,2018,14,2.32,,,30,30,9.99
249381,The Estates,835,Strategy,7.4,4400,2018,10,2.31,3,5,40,60,250.0
25021,Sekigahara: The Unification of Japan,233,War,8.0,6700,2011,14,2.8,2,2,180,180,45.0
250458,Gùgōng,488,Strategy,7.4,9700,2018,12,3.09,1,4,60,90,35.0
25071,Munchkin Cthulhu,4055,Thematic,6.2,5700,2007,10,1.72,3,6,90,90,8.0
2511,Sherlock Holmes Consulting Detective: The Thames Murders & Other Cases,207,Thematic,7.6,23000,1981,13,2.66,1,4,60,120,18.0
251219,Istanbul: Big Box,,,8.0,5200,2018,10,2.5,2,5,40,90,20.0
251247,Barrage,39,Strategy,8.1,22000,2019,14,4.11,2,4,90,180,68.27
251412,On Tour,1530,Family,6.8,6000,2019,7,1.4,1,,20,20,22.0
251658,Sprawlopolis,548,Strategy,7.3,13000,2018,8,1.8,1,2,15,20,
251661,Oathsworn: Into the Deepwood,63,Thematic,8.8,6900,2022,14,3.69,1,4,30,90,5.98
251678,Railroad Ink: Blazing Red Edition,958,Family,7.1,8000,2018,8,1.47,1,6,20,30,12.0
252153,Tang Garden,1043,Strategy,7.3,4600,2019,14,2.64,1,4,40,60,48.0
252929,Planet,1921,Family,6.6,6300,2018,8,1.58,2,4,30,45,15.66
25292,Merchants & Marauders,424,Thematic,7.4,15000,2010,13,3.26,2,4,180,180,70.0
253284,Ticket to Ride: New York,1275,Family,6.9,7800,2018,8,1.27,2,4,10,15,4.99
253344,Cthulhu: Death May Die,55,Thematic,8.2,17000,2019,14,2.49,1,4,90,120,6.95
253499,A War of Whispers,917,Strategy,7.3,5300,2019,14,2.57,2,4,30,60,44.95
253664,Taco Cat Goat Cheese Pizza,2386,Party,6.5,9000,2018,8,1.03,3,8,10,30,2.75
25417,BattleLore,619,War,7.3,9500,2006,10,2.77,2,2,60,60,112.67
254386,Raccoon Tycoon,975,Strategy,7.2,5700,2018,8,2.16,3,5,60,90,6.0
254640,Just One,157,Party,7.6,35000,2018,8,1.03,4,,20,60,10.0
25554,Notre Dame,469,Strategy,7.3,14000,2007,10,2.74,2,5,45,75,3.43
25568,Metropolys,1298,Strategy,7.1,4500,2008,8,2.2,2,4,30,60,42.24
255692,New Frontiers,898,Strategy,7.4,4300,2018,14,2.96,2,5,45,75,32.99
255984,Sleeping Gods,75,Thematic,8.1,16000,2021,13,3.26,1,3,60,1200,40.21
25613,Through the Ages: A Story of Civilization,119,Strategy,7.8,20000,2006,12,4.18,2,4,120,120,14.0
256226,Azul: Stained Glass of Sintra,511,Abstract,7.3,15000,2018,8,2.01,2,4,30,45,28.96
256382,Disney Villainous: The Worst Takes it All,959,Family,6.9,23000,2018,10,2.48,2,4,45,120,3.99
25643,Arkadia,1541,Strategy,6.9,4500,2006,10,2.57,2,4,45,60,14.84
256589,Rallyman: GT,1340,Thematic,7.1,4700,2020,14,2.2,1,6,45,60,24.0
256680,Return to Dark Tower,229,Thematic,8.2,6000,2022,10,2.65,1,4,100,120,302.88
25669,Qwirkle,1082,Abstract,6.8,22000,2006,6,1.58,2,4,45,45,0.99
256730,Pipeline,599,Strategy,7.5,5600,2019,12,3.91,2,4,60,120,85.0
256788,Detective Club,896,Party,7.4,4900,2018,8,1.23,5,8,45,45,59.99
256916,Concordia Venus,104,Strategy,8.3,7700,2018,12,3.01,2,6,60,120,37.95
256952,Zombie Kidz Evolution,578,Children's,7.6,6300,2018,7,1.37,2,4,15,15,4.99
256960,Pax Pamir: Second Edition,53,Strategy,8.1,18000,2019,13,3.84,1,5,45,120,89.99
256,Mississippi Queen,3103,Family,6.3,4300,1997,10,1.7,3,5,45,45,4.11
257499,Arkham Horror (Third Edition),356,Thematic,7.7,11000,2018,14,3.38,1,4,120,180,27.99
257501,KeyForge: Call of the Archons,882,Customizable,7.1,12000,2018,14,2.49,2,2,15,45,2.45
257614,Tussie Mussie,1475,Family,6.9,5300,2019,8,1.15,1,4,20,30,27.67
257,Kill Doctor Lucky,3573,Family,6.2,7500,1996,12,1.64,3,6,45,45,5.5
258036,Between Two Castles of Mad King Ludwig,782,Family,7.2,7400,2018,10,2.19,3,7,45,60,31.13
258210,Blitzkrieg!: World War Two in 20 Minutes,506,War,7.5,6900,2019,14,1.91,1,2,20,45,27.32
25821,The Werewolves of Miller's Hollow,1543,Party,6.7,13000,2001,10,1.31,8,,30,30,4.36
258779,Planet Unknown,165,Strategy,7.8,14000,2022,10,2.25,1,6,60,80,59.5
258,Fluxx,12315,Party,5.7,19000,1997,8,1.39,2,6,5,30,3.0
2593,Pass the Pigs,30325,Party,5.5,7200,1977,8,1.07,2,8,30,30,1.57
2596,Villa Paletti,2734,Family,6.4,4500,2001,8,1.16,2,4,30,30,9.71
260180,Project L,383,Abstract,7.4,13000,2020,8,1.55,1,4,20,40,27.99
260300,Dungeon Mayhem,1865,Family,6.9,4800,2018,8,1.15,2,4,10,10,6.67
260428,Fall of Rome,479,Strategy,7.6,7000,2018,8,2.5,1,5,45,60,22.75
260605,Camel Up (Second Edition),268,Party,7.5,18000,2018,8,1.51,3,8,30,45,14.68
262211,Cloudspire,338,Strategy,8.2,4500,2019,13,4.4,1,4,90,180,70.0
262215,Blackout: Hong Kong,667,Strategy,7.4,6400,2018,14,3.46,1,4,75,150,17.1
262543,Wavelength,533,Party,7.2,19000,2019,14,1.11,4,12,30,45,22.69
262712,Res Arcana,184,Strategy,7.6,26000,2019,12,2.66,2,4,30,60,24.24
263918,Cartographers,185,Family,7.6,37000,2019,10,1.89,1,8,30,45,12.0
264055,Draftosaurus,680,Family,7.1,17000,2019,8,1.24,2,5,15,15,28.17
264220,Tainted Grail: The Fall of Avalon,138,Thematic,8.0,14000,2019,14,3.37,1,3,60,120,20.37
264241,Mandala,569,Abstract,7.4,7200,2019,10,1.78,2,2,20,20,17.12
265188,Glen More II: Chronicles,205,Strategy,7.9,9600,2019,12,3.01,2,4,90,120,55.99
2651,Power Grid,76,Strategy,7.8,70000,2004,12,3.25,3,6,120,120,16.95
2653,Survive: Escape from Atlantis!,382,Family,7.3,28000,1982,8,1.69,3,4,45,60,25.0
265402,In the Hall of the Mountain King,703,Strategy,7.5,5100,2019,12,2.86,2,5,90,90,29.99
2655,Hive,336,Abstract,7.3,41000,2001,9,2.31,2,2,20,20,12.5
265736,Tiny Towns,527,Family,7.2,23000,2019,14,2.06,1,5,45,60,13.5
266083,L.L.A.M.A.,1963,Family,6.5,10000,2019,8,1.05,3,6,20,20,7.96
266121,Unlock!: Heroic Adventures,729,Thematic,7.6,4300,2018,10,2.25,1,4,60,60,12.0
266192,Wingspan,38,Strategy,8.0,114000,2019,10,2.48,1,4,40,70,2.5
266507,Clank! Legacy: Acquisitions Incorporated,28,Thematic,8.5,11000,2019,13,2.74,2,4,90,120,8.95
266524,Parks,181,Family,7.6,31000,2019,10,2.13,1,4,30,60,24.0
266810,Paladins of the West Kingdom,81,Strategy,8.0,21000,2019,12,3.71,1,3,90,120,14.99
266830,QE,626,Strategy,7.3,8000,2019,8,1.54,3,5,45,45,16.79
267319,Roam,1011,Family,7.3,4700,2019,8,1.85,2,4,30,45,45.29
268620,Similo,1399,Family,6.8,7900,2019,7,1.05,2,6,10,15,6.99
268864,Undaunted: Normandy,183,War,7.8,14000,2019,14,2.27,2,2,45,60,21.87
269144,Hadara,577,Strategy,7.4,8200,2019,10,2.21,2,5,45,60,20.37
269207,The Taverns of Tiefenthal,250,Strategy,7.6,17000,2019,12,2.69,2,4,60,60,31.86
269210,Twice as Clever!,468,Family,7.4,10000,2019,10,2.27,1,4,30,30,6.85
269385,The Lord of the Rings: Journeys in Middle-Earth,144,Thematic,7.9,19000,2019,14,2.7,1,4,60,120,14.99
269511,Cooper Island,730,Strategy,7.5,4500,2019,12,4.16,1,4,60,120,22.0
269595,Copenhagen,1544,Family,6.9,4500,2019,8,1.68,2,4,20,40,92.81
26990,Container,1057,Strategy,7.2,5100,2007,12,3.22,4,5,60,90,24.99
270314,Ohanami,1000,Family,7.3,4800,2019,8,1.16,2,4,20,20,11.41
270673,Silver & Gold,759,Family,7.2,9000,2019,8,1.22,2,4,20,20,4.44
270844,Imperial Settlers: Empires of the North,604,Strategy,7.4,8100,2019,10,2.82,1,3,45,90,24.99
270970,Century: A New World,885,Strategy,7.3,5600,2019,8,2.11,2,4,30,45,9.99
270971,Era: Medieval Age,1150,Strategy,7.2,4500,2019,8,2.26,1,4,45,60,89.99
271055,Dwellings of Eldervale,128,Strategy,8.1,9600,2020,14,3.24,1,5,60,150,39.99
271320,The Castles of Burgundy,,,8.5,15000,2019,12,2.91,1,4,70,120,39.86
271324,It's a Wonderful World,186,Strategy,7.6,23000,2019,14,2.33,1,5,45,45,19.99
271518,Disney Villainous: Wicked to the Core,812,Family,7.5,5400,2019,10,2.38,2,,40,60,5.0
271601,Feed the Kraken,403,Thematic,7.8,6600,2022,12,2.18,6,11,45,90,39.99
27162,Kingsburg,547,Strategy,7.2,20000,2007,13,2.42,2,5,90,90,35.0
27173,Vikings,690,Strategy,7.2,8700,2007,13,2.54,2,4,60,60,59.99
271869,Sushi Roll,1405,Family,7.0,4800,2019,8,1.28,2,5,20,20,33.49
271896,Star Wars: Outer Rim,191,Thematic,7.7,15000,2019,14,2.6,1,4,120,180,37.99
2719,Connect Four,30898,Children's,5.0,11000,1974,6,1.18,2,2,10,10,0.99
27225,Bananagrams,2141,Family,6.4,14000,2006,7,1.29,2,6,15,15,4.45
272738,Jaws,1105,Thematic,7.1,7000,2019,12,2.18,2,4,60,60,9.0
273330,Bloodborne: The Board Game,774,Thematic,7.7,4500,2021,14,3.08,1,3,45,75,7.95
273477,Obscurio,1328,Family,7.1,4700,2019,10,1.91,4,8,40,40,12.99
27364,Caylus Magna Carta,1510,Strategy,6.9,5000,2007,10,2.87,2,4,45,75,10.27
274364,Watergate,189,Strategy,7.7,14000,2019,12,2.29,2,2,30,60,19.0
274533,Throw Throw Burrito,3827,Party,6.2,5100,2019,7,1.1,3,,15,15,3.64
274637,"Unmatched: Battle of Legends, Volume One",294,Strategy,7.7,11000,2019,9,1.96,,,20,40,28.0
274638,Unmatched: Robin Hood vs. Bigfoot,427,Strategy,7.9,5200,2019,9,1.94,2,2,20,20,31.81
274960,Point Salad,605,Family,7.1,23000,2019,10,1.15,2,6,15,30,14.98
275467,Letter Jam,1009,Family,7.1,5700,2019,10,1.97,2,6,45,45,11.0
27588,Zooloretto,1132,Family,6.8,16000,2007,8,1.86,2,5,45,45,6.85
276025,Maracaibo,91,Strategy,7.9,19000,2019,12,3.92,1,4,30,120,7.5
27627,Talisman: Revised 4th Edition,2139,Thematic,6.5,16000,2007,13,2.17,2,6,90,90,51.2
276498,Paris: La Cité de la Lumière,934,Abstract,7.2,6200,2019,8,2.03,2,2,30,30,29.99
276894,Ticket to Ride: London,1166,Family,7.0,5800,2019,8,1.34,2,4,10,15,3.75
277085,Love Letter,311,Party,7.5,16000,2019,10,1.12,3,6,20,20,9.89
27708,1960: The Making of the President,337,Strategy,7.6,9500,2007,12,3.2,2,2,90,120,62.54
27710,Catan Dice Game,7859,Family,5.7,7200,2007,7,1.23,1,3,15,30,2.45
277458,Kluster,2401,Family,6.5,4500,2018,14,1.04,2,4,10,20,28.54
27746,Colosseum,716,Strategy,7.2,9300,2007,10,2.76,3,5,60,90,6.49
277659,Final Girl,98,Thematic,8.2,12000,2021,14,2.76,1,1,20,60,15.99
27833,Steam,345,Strategy,7.5,11000,2009,10,3.45,3,5,90,90,26.0
278,Catan Card Game,1375,Strategy,6.7,15000,1996,10,2.44,2,2,60,120,8.0
279254,Ecos: First Continent,1197,Strategy,7.1,4800,2019,14,2.57,2,4,45,75,15.0
279537,The Search for Planet X,116,Strategy,7.9,16000,2020,13,2.43,1,4,60,75,12.99
28023,Jamaica,650,Family,7.1,22000,2007,8,1.66,3,6,30,60,3.35
280794,Etherfields,671,Thematic,7.8,4600,2020,12,3.58,1,3,90,180,64.99
28086,Age of War,2223,Family,6.4,9500,2006,8,1.15,2,5,15,30,49.97
281259,The Isle of Cats,201,Strategy,7.6,25000,2019,8,2.36,1,4,60,90,2.55
28143,Race for the Galaxy,94,Strategy,7.7,59000,2007,12,2.99,2,4,30,60,19.99
281549,Beast,980,Thematic,7.4,4400,2023,14,3.06,2,4,60,120,39.96
282171,Trial by Trolley,5155,Party,6.0,4600,2020,14,1.02,3,10,30,90,8.3
282524,Horrified,246,Thematic,7.6,20000,2019,10,2.02,1,5,60,60,4.99
28259,Cutthroat Caverns,2470,Thematic,6.5,5100,2007,12,2.08,3,6,90,90,20.0
283155,Calico,271,Abstract,7.5,24000,2020,10,2.2,1,4,30,45,24.99
283355,Dune,211,Thematic,7.9,11000,2019,14,3.98,5,6,120,180,18.31
283393,Aquatica,579,Strategy,7.4,8600,2019,12,2.32,2,4,30,60,39.99
283863,The Magnificent,839,Strategy,7.5,4300,2019,14,3.13,1,4,60,90,29.99
283864,Trails of Tucana,800,Family,7.4,5300,2019,8,1.27,1,8,15,15,13.69
283948,Marco Polo II: In the Service of the Khan,208,Strategy,7.9,8400,2019,12,3.38,2,4,60,120,57.07
284083,The Crew: The Quest for Planet Nine,95,Family,7.8,49000,2019,10,1.97,3,5,20,20,4.57
284189,Foundations of Rome,298,Strategy,8.0,5300,2022,13,2.02,2,5,60,90,18.99
2842,TransAmerica,1561,Family,6.7,8500,2001,13,1.35,3,6,30,30,29.89
284378,Kanban EV,42,Strategy,8.4,10000,2020,14,4.29,1,4,60,180,119.99
284435,Nova Luna,635,Abstract,7.3,10000,2019,8,1.88,1,4,30,60,20.54
284653,Mind MGMT: The Psychic Espionage “Game.”,323,Strategy,7.8,7400,2021,13,2.9,1,5,60,60,39.99
284742,Honey Buzz,471,Strategy,7.5,8900,2020,10,2.72,1,4,45,90,21.72
284760,Disney Villainous: Evil Comes Prepared,852,Family,7.5,5000,2019,10,2.31,2,,40,60,5.0
284936,Café,1256,Abstract,7.1,4400,2020,8,2.05,1,4,20,45,40.0
285192,Destinies,415,Thematic,7.6,10000,2021,14,1.92,1,3,90,150,12.99
285774,Marvel Champions: The Card Game,48,Customizable,8.1,28000,2019,14,2.96,1,3,45,90,26.7
285967,Ankh: Gods of Egypt,257,Strategy,7.7,12000,2021,14,3.13,2,5,90,90,13.99
286096,Tapestry,297,Strategy,7.4,23000,2019,12,2.97,1,4,90,120,45.55
286749,Hansa Teutonica: Big Box,,,8.4,7500,2020,12,2.96,3,5,45,90,
286751,Zombicide: 2nd Edition,500,Thematic,7.9,5500,2021,14,2.38,1,6,60,60,39.0
287084,Oriflamme,1207,Strategy,7.1,5300,2019,10,1.69,3,5,15,30,9.71
28720,Brass: Lancashire,22,Strategy,8.2,28000,2007,14,3.84,2,4,60,120,13.54
287954,Azul: Summer Pavilion,242,Abstract,7.6,20000,2019,8,2.08,2,4,30,45,13.8
288169,The Fox in the Forest Duet,1506,Family,7.0,4400,2020,10,1.77,2,2,30,30,9.25
28,Illuminati,2705,Thematic,6.5,5300,1987,12,2.65,3,6,60,180,23.99
290236,Canvas,601,Family,7.2,17000,2021,10,1.73,1,5,30,30,25.0
290359,Undaunted: North Africa,575,War,7.7,4700,2020,14,2.34,2,2,45,60,26.7
291453,SCOUT,108,Family,7.8,29000,2019,9,1.39,3,5,20,20,7.97
291457,Gloomhaven: Jaws of the Lion,12,Thematic,8.4,41000,2020,14,3.64,1,4,30,120,10.0
291508,Tiny Epic Dinosaurs,1084,Strategy,7.3,4300,2020,14,2.65,1,4,30,60,16.0
291572,Oath,333,Thematic,7.7,9600,2021,10,4.13,3,5,45,150,64.99
291845,Three Sisters,740,Strategy,7.5,4700,2022,14,2.64,1,4,30,60,39.99
2921,The Game of Life,30925,Family,4.4,14000,1960,8,1.17,2,6,60,60,1.89
29223,Marrakech,1762,Family,6.7,6200,2007,6,1.33,2,4,30,30,15.0
292375,The Great Wall,521,Strategy,7.8,5200,2021,13,3.91,1,4,120,180,79.88
293014,Nidavellir,259,Strategy,7.6,16000,2020,10,2.12,2,5,45,45,15.0
293141,King of Tokyo: Dark Edition,525,Family,7.6,6200,2020,8,1.62,3,6,30,30,99.99
293296,Splendor: Marvel,580,Family,7.6,6500,2020,10,1.8,2,4,30,30,24.8
29368,Last Night on Earth: The Zombie Game,1090,Thematic,6.9,14000,2007,12,2.3,2,6,60,90,5.0
29387,Zombie Fluxx,5002,Party,6.0,6900,2007,8,1.44,2,6,10,40,7.5
294484,Unmatched: Cobble & Fog,190,Strategy,7.9,9800,2020,9,1.97,,,20,40,36.15
2952,Trivial Pursuit: Genus Edition,30868,Party,5.3,8500,1981,12,1.64,2,6,90,90,0.99
295374,Long Shot: The Dice Game,366,Family,7.5,11000,2022,14,1.95,1,8,25,25,14.0
295486,My City,270,Strategy,7.6,14000,2020,10,1.98,2,4,30,30,5.0
2955,Mexica,831,Strategy,7.2,6400,2002,10,2.67,2,4,90,90,55.14
295770,Frosthaven,20,Thematic,8.7,10000,2022,14,4.41,1,4,90,180,40.0
295895,Distilled,276,Strategy,7.7,9100,2023,14,3.03,1,4,30,150,49.99
295947,Cascadia,60,Abstract,7.9,56000,2021,10,1.84,1,4,30,45,19.35
296100,Rococo: Deluxe Edition,,,8.2,4400,2020,14,3.06,1,4,60,120,78.8
296108,Terraforming Mars: The Dice Game,1035,Strategy,7.3,4600,2023,14,2.41,1,4,45,45,23.75
296151,Viscounts of the West Kingdom,198,Strategy,7.8,12000,2020,12,3.46,1,4,60,90,21.99
296237,Warp's Edge,660,Strategy,7.6,4500,2020,10,2.39,1,1,30,45,24.0
296912,Fort,824,Strategy,7.1,12000,2020,10,2.45,2,4,20,40,13.5
297030,Tekhenu: Obelisk of the Sun,438,Strategy,7.7,6700,2020,14,4.07,1,4,60,120,19.99
297129,Jekyll vs. Hyde,1007,Family,7.2,5600,2021,8,1.87,2,2,30,30,19.99
297562,Kemet: Blood and Sand,310,Strategy,7.9,6300,2021,13,3.2,3,5,90,180,74.99
297978,Mariposas,1720,Family,6.7,5800,2020,14,2.2,2,5,45,75,1.0
298047,Marvel United,334,Family,7.5,13000,2020,14,1.84,1,4,40,40,2.99
298065,Santa Monica,1136,Strategy,7.1,5000,2020,14,2.15,2,4,45,45,12.59
298069,Cubitos,512,Family,7.4,11000,2021,10,2.17,2,4,30,60,31.87
298383,Golem,745,Strategy,7.5,4800,2021,14,4.01,1,4,90,120,37.0
2987,Pirate's Cove,1966,Family,6.6,8500,2002,8,2.01,3,5,60,90,7.98
299169,Spicy,869,Party,7.2,8100,2020,10,1.3,3,6,15,20,11.13
299252,Here to Slay,1507,Party,6.9,9400,2020,10,1.69,2,5,30,60,7.5
299659,Clash of Cultures: Monumental Edition,230,Strategy,8.3,5100,2021,14,3.74,2,4,180,240,9.13
299684,Khôra: Rise of an Empire,900,Strategy,7.4,4800,2021,14,2.75,2,4,75,75,35.99
300300,Chronicles of Crime: 1400,806,Thematic,7.7,4500,2020,12,1.99,1,3,60,90,14.95
300322,Hallertau,302,Strategy,7.8,7000,2020,12,3.28,1,4,50,140,37.56
300531,Paleo,234,Thematic,7.6,16000,2020,10,2.65,1,4,45,60,25.04
300753,Cross Clues,1115,Party,7.2,5000,2020,7,1.09,2,6,5,10,9.99
300877,New York Zoo,939,Family,7.0,10000,2020,10,1.97,1,4,30,60,25.0
300905,Top Ten,804,Party,7.4,5300,2020,14,1.07,4,9,30,30,17.07
301767,Mysterium Park,1300,Thematic,7.0,5700,2020,10,1.43,2,6,30,45,8.99
301880,Raiders of Scythia,401,Strategy,7.7,7000,2020,12,2.78,1,4,60,80,32.49
302260,Abandon All Artichokes,1996,Family,6.6,6400,2020,10,1.23,2,4,20,20,2.99
302520,Hues and Cues,2423,Party,6.4,7800,2020,8,1.06,3,10,30,30,3.97
302723,Forgotten Waters,365,Thematic,7.7,7100,2020,14,2.09,3,7,120,240,21.0
303057,Pan Am,455,Strategy,7.5,8400,2020,12,2.4,2,4,60,60,3.99
30380,Cuba,862,Strategy,7.1,8500,2007,12,3.26,2,5,75,120,37.69
304051,Creature Comforts,704,Family,7.4,6600,2022,8,2.35,1,4,45,45,28.99
304420,Bonfire,419,Strategy,7.6,7700,2020,12,3.63,1,4,70,100,19.75
304783,Hadrian's Wall,173,Strategy,7.9,11000,2021,12,3.17,1,3,30,60,32.49
305096,Endless Winter: Paleoamericans,343,Strategy,7.6,10000,2022,12,3.33,1,4,60,120,45.57
30539,Get Bit!,3466,Family,6.1,7100,2007,7,1.12,3,6,10,20,9.0
30549,Pandemic,174,Strategy,7.5,136000,2008,8,2.39,1,4,45,45,1.87
305682,Rolling Realms,1142,Family,7.1,5100,2021,14,2.0,1,,30,30,20.95
306040,Merv: The Heart of the Silk Road,777,Strategy,7.5,4700,2020,14,3.44,2,4,90,90,24.0
30645,Tammany Hall,1008,Strategy,7.3,4700,2007,12,2.78,3,5,90,90,23.09
306735,Under Falling Skies,264,Strategy,7.6,14000,2020,12,2.39,1,1,20,40,15.0
307002,Regicide,554,Strategy,7.4,9200,2020,10,1.97,1,4,10,30,18.86
307305,Bullet♥︎,664,Family,7.6,4700,2021,13,2.16,1,4,10,20,39.99
3076,Puerto Rico,57,Strategy,7.9,74000,2002,12,3.27,2,5,90,150,1.99
30869,Thebes,764,Family,7.1,10000,2007,8,2.15,2,4,60,60,18.27
308765,Praga Caput Regni,193,Strategy,7.8,11000,2020,14,3.73,1,4,45,150,17.95
30933,BANG! The Bullet!,,,6.9,9400,2007,8,1.85,4,8,20,40,14.99
30957,Tribune: Primus Inter Pares,1063,Strategy,7.2,4700,2007,12,2.87,3,5,60,120,51.31
309630,Small World of Warcraft,1141,Strategy,7.2,4700,2020,8,2.68,2,5,40,80,7.99
310100,Nemesis: Lockdown,129,Thematic,8.2,8500,2022,12,3.92,1,5,90,180,9.95
310873,Carnegie,127,Strategy,8.0,12000,2022,12,3.82,1,4,90,120,39.83
311193,Anno 1800: The Board Game,296,Strategy,7.7,9100,2020,12,3.13,2,4,120,120,40.86
311988,Frostpunk: The Board Game,377,Thematic,8.1,4700,2022,16,4.41,1,2,120,150,80.36
312484,Lost Ruins of Arnak,30,Strategy,8.1,58000,2020,12,2.93,1,4,30,120,9.0
31260,Agricola,64,Strategy,7.9,77000,2007,12,3.64,1,5,30,150,19.99
314040,Pandemic Legacy: Season 0,59,Thematic,8.3,9600,2020,14,3.19,2,4,45,60,33.02
314491,Meadow,218,Strategy,7.7,14000,2021,10,2.25,1,4,60,90,25.0
314503,Codex Naturalis,908,Family,7.2,6500,2021,7,1.76,2,4,20,30,17.12
31481,Galaxy Trucker,320,Thematic,7.3,36000,2007,10,2.33,2,4,60,60,19.99
315610,Massive Darkness 2: Hellscape,503,Thematic,8.0,4400,2022,14,2.77,1,4,60,60,5.0
31563,Middle-Earth Quest,971,Thematic,7.4,4300,2009,13,3.55,2,4,180,180,28.45
315767,Cartographers Heroes,459,Strategy,7.7,6000,2021,10,1.96,1,10,30,45,19.98
31594,In the Year of the Dragon,510,Strategy,7.3,13000,2007,12,3.08,2,5,75,100,10.79
31627,Ticket to Ride: Nordic Countries,241,Family,7.6,15000,2007,8,1.96,2,3,30,60,24.99
316377,7 Wonders (Second Edition),199,Strategy,7.8,12000,2020,10,2.27,3,7,30,30,4.99
316412,The LOOP,505,Strategy,7.7,5700,2020,12,2.79,1,4,60,60,82.64
316554,Dune: Imperium,6,Strategy,8.4,59000,2020,14,3.08,1,4,60,120,14.99
31730,Wabash Cannonball,654,Strategy,7.3,8700,2007,12,2.77,3,5,30,60,34.99
317457,Dinosaur World,1019,Thematic,7.3,4600,2021,10,3.27,1,4,60,120,16.97
317985,Beyond the Sun,113,Strategy,7.9,18000,2020,14,3.16,2,4,60,120,24.99
318009,Dinosaur Island: Rawr 'n Write,631,Strategy,7.6,4700,2021,10,2.86,1,4,30,45,20.0
318084,Furnace,414,Strategy,7.4,14000,2020,12,2.32,2,4,30,60,15.49
318182,Imperium: Legends,457,Strategy,7.8,5000,2021,14,3.76,1,2,40,160,24.0
318184,Imperium: Classics,340,Strategy,7.7,8900,2021,14,3.62,1,2,40,160,37.5
318243,Hitster,484,Party,7.5,7800,2022,16,1.02,2,10,30,30,12.0
318977,MicroMacro: Crime City,292,Family,7.4,20000,2020,12,1.1,1,3,15,45,17.0
319910,Pagan: Fate of Roanoke,454,Customizable,7.9,5100,2022,12,3.04,2,2,30,60,24.0
319966,The King Is Dead: Second Edition,373,Strategy,7.6,8700,2020,14,2.16,2,4,30,45,24.01
3201,Lord of the Rings: The Confrontation,805,Strategy,7.2,7200,2002,12,2.15,2,2,30,30,3.75
320390,Kabuto Sumo,2014,Family,6.7,4400,2021,,1.19,2,4,15,15,17.84
320,Scrabble,2436,Family,6.3,36000,1948,10,2.05,2,4,90,90,4.24
32125,Felicity: The Cat in the Sack,2189,Family,6.6,5200,2007,8,1.4,3,5,20,20,17.07
321608,Hegemony: Lead Your Class to Victory,41,Strategy,8.4,12000,2023,14,4.26,2,4,90,180,49.99
322289,Darwin's Journey,90,Strategy,8.1,13000,2023,14,3.9,1,4,60,120,49.99
322708,Descent: Legends of the Dark,486,Thematic,7.9,5900,2021,14,2.69,1,4,120,180,6.99
323612,Bitoku,307,Strategy,7.8,8000,2021,12,3.76,1,4,120,120,40.97
324856,The Crew: Mission Deep Sea,44,Family,8.0,26000,2021,10,2.05,3,5,20,20,8.82
325414,Happy Little Dinosaurs,4569,Party,6.2,4500,2021,8,1.39,3,4,30,60,4.49
325494,ISS Vanguard,159,Thematic,8.3,7100,2022,13,3.67,1,4,90,120,8.95
326494,The Adventures of Robin Hood,794,Thematic,7.4,5300,2021,10,1.83,1,4,60,60,12.17
327,Loopin' Louie,1386,Children's,6.7,10000,1992,4,1.05,,,10,10,8.75
328479,Living Forest,768,Family,7.2,8300,2021,10,2.22,2,4,40,40,11.4
328565,Caper: Europe,515,Strategy,7.6,6100,2022,10,2.09,2,2,25,35,41.09
328871,Terraforming Mars: Ares Expedition,194,Strategy,7.6,21000,2021,14,2.92,1,4,45,60,15.0
329082,Radlands,212,Strategy,7.7,14000,2021,14,2.28,2,2,20,40,59.95
329465,Red Rising,1074,Strategy,7.0,9700,2021,14,2.31,1,4,45,60,31.39
329500,Unconscious Mind,303,Strategy,7.9,6800,2024,12,4.02,1,3,60,120,46.72
329551,Mosaic: A Story of Civilization,748,Strategy,7.5,5200,2022,14,3.05,3,5,120,120,30.0
329839,So Clover!,269,Party,7.6,12000,2021,10,1.12,2,6,30,30,23.51
329841,Ticket to Ride: Europe – 15th Anniversary,,,8.2,4900,2021,8,1.87,2,5,30,60,24.95
329845,Stella: Dixit Universe,992,Party,7.3,4800,2021,8,1.17,3,6,30,30,12.99
331106,The Witcher: Old World,329,Thematic,7.9,9100,2023,14,2.88,1,3,90,150,7.95
33154,Wasabi!,2391,Family,6.5,4900,2008,10,1.9,2,4,30,45,17.0
33160,Endeavor,520,Strategy,7.4,9700,2009,12,2.91,3,5,90,90,13.7
331787,Tiny Epic Dungeons,853,Thematic,7.4,5800,2021,14,3.11,1,4,30,60,22.97
332290,Stardew Valley: The Board Game,933,Thematic,7.4,5200,2021,13,2.78,1,3,60,150,30.0
332386,Brew,1454,Strategy,7.0,4600,2021,10,2.45,2,4,45,90,10.95
332398,Everdell: The Complete Collection,,,8.8,4300,2022,10,3.1,1,4,40,120,20.0
332686,John Company: Second Edition,215,Thematic,8.2,5600,2022,13,4.45,,,90,240,220.0
332772,Revive,93,Strategy,8.1,13000,2022,14,3.46,1,4,90,120,56.91
332800,Summoner Wars (Second Edition),353,Customizable,8.0,5000,2021,9,2.58,2,2,40,60,25.49
333255,Keep the Heroes Out!,358,Thematic,7.9,6300,2022,10,2.51,1,3,40,40,136.83
334065,Verdant,762,Family,7.3,7500,2022,10,2.07,1,4,45,60,12.99
334590,For Northwood! A Solo Trick-Taking Game,449,Strategy,7.8,5500,2021,12,1.84,1,1,15,30,
334986,Daybreak,440,Strategy,7.7,6500,2023,10,2.87,1,4,60,120,61.41
33604,Say Anything,1738,Party,6.7,6400,2008,13,1.09,4,8,30,30,3.5
336382,Marvel United: X-Men,406,Family,8.0,4800,2021,14,1.99,1,5,40,40,5.49
336794,Galaxy Trucker (Second Edition),627,Thematic,7.4,7000,2021,8,2.26,2,4,20,30,19.99
336986,Flamecraft,404,Strategy,7.4,22000,2022,10,2.19,1,5,60,60,14.99
337627,Voidfall,82,Strategy,8.5,7200,2023,15,4.62,1,4,90,240,127.92
337765,Brian Boru: High King of Ireland,732,Strategy,7.5,5000,2021,14,2.56,3,5,60,90,19.77
338628,Trails,1430,Family,7.0,4700,2021,10,1.86,2,4,20,40,1.99
338834,MicroMacro: Crime City – Full House,536,Family,7.6,5400,2021,10,1.16,1,3,15,45,13.0
338960,Slay the Spire: The Board Game,16,Strategy,8.6,13000,2024,12,2.9,1,4,30,150,110.0
339789,Welcome to the Moon,213,Thematic,7.8,9600,2021,10,2.45,1,6,25,30,34.13
340466,Unfathomable,607,Thematic,7.5,7400,2021,14,3.12,4,6,120,240,45.0
341169,Great Western Trail: Second Edition,31,Strategy,8.3,18000,2021,12,3.7,1,4,75,150,33.37
34119,Tales of the Arabian Nights,707,Thematic,7.2,13000,2009,14,2.16,2,4,120,120,42.99
341530,Super Mega Lucky Box,1384,Family,7.0,4900,2021,8,1.25,2,6,20,20,7.41
342070,Thunder Road: Vendetta,224,Thematic,7.9,8400,2023,10,1.96,3,4,45,75,35.5
34219,Biblios,519,Strategy,7.2,18000,2007,10,1.69,2,4,30,30,39.95
342810,Marrakesh,346,Strategy,8.1,4500,2022,14,3.45,2,4,120,120,55.0
342900,Earthborne Rangers,466,Customizable,8.1,4300,2023,12,3.47,1,3,60,240,67.34
342942,Ark Nova,2,Strategy,8.5,62000,2021,14,3.8,1,3,90,150,56.52
343905,Boonlake,493,Strategy,7.6,6300,2021,14,3.81,1,4,80,160,26.99
345584,Mindbug: First Contact,423,Strategy,7.6,9200,2022,8,1.93,2,2,15,25,19.98
34585,Keltis,2339,Family,6.4,7000,2008,10,1.64,2,4,30,30,7.91
345972,Cat in the Box: Deluxe Edition,376,Family,7.4,13000,2022,13,2.05,3,5,20,40,11.98
34635,Stone Age,188,Strategy,7.5,56000,2008,10,2.46,2,4,60,90,24.0
346501,Mille Fiori,689,Strategy,7.4,5800,2021,10,2.18,3,4,60,90,29.97
346703,7 Wonders: Architects,815,Family,7.0,14000,2021,8,1.38,2,7,25,25,28.99
346965,Azul: Queen's Garden,675,Abstract,7.4,6500,2021,10,2.92,2,4,45,60,20.75
347703,First Rat,713,Strategy,7.5,4900,2022,10,2.28,1,5,30,75,24.95
348450,Lacrimosa,616,Strategy,7.6,5100,2022,14,3.16,1,4,90,90,11.38
34887,Revolution!,2006,Strategy,6.7,4500,2009,13,2.04,3,4,60,60,14.0
350184,Earth,210,Strategy,7.6,22000,2023,13,2.91,1,4,45,90,25.0
350316,Wayfarers of the South Tigris,349,Strategy,7.8,6800,2022,13,3.8,1,3,60,90,34.0
350933,The Guild of Merchant Explorers,363,Strategy,7.6,8400,2022,14,2.05,1,4,45,45,19.0
351040,Ready Set Bet,443,Party,7.5,9100,2022,10,1.34,4,9,45,60,25.0
351913,Tiletum,282,Strategy,7.9,7000,2022,14,3.39,1,3,60,100,42.0
352515,Trio,490,Family,7.4,12000,2021,6,1.07,3,6,15,15,13.09
353288,Trekking Through History,544,Family,7.5,6800,2022,10,1.77,1,4,30,60,26.0
353545,Next Station: London,584,Family,7.4,7600,2022,8,1.49,1,4,25,30,14.78
35497,Fauna,1258,Family,7.0,5000,2008,8,1.45,2,6,45,60,9.95
355093,Woodcraft,535,Strategy,7.6,6300,2022,12,3.83,1,3,60,120,29.95
355433,boop.,1321,Abstract,7.0,5200,2022,10,1.37,2,2,20,30,8.95
355483,Wandering Towers,718,Family,7.3,6900,2022,8,1.59,3,6,30,30,31.86
356033,Libertalia: Winds of Galecrest,517,Strategy,7.4,8700,2022,14,2.19,1,6,45,60,55.34
356123,Turing Machine,325,Strategy,7.6,11000,2022,14,2.53,1,4,20,20,24.95
35677,Le Havre,83,Strategy,7.8,34000,2008,12,3.71,1,4,30,150,37.99
357563,Akropolis,448,Family,7.4,11000,2022,8,1.8,2,4,20,30,16.96
35815,A Touch of Evil: The Supernatural Game,1526,Thematic,7.0,4800,2008,12,2.57,1,6,60,120,9.99
358661,Andromeda's Edge,171,Strategy,8.2,6300,2024,14,3.75,1,4,80,160,28.4
359609,Arkham Horror: The Card Game (Revised Core Set),107,Customizable,8.6,5800,2021,14,3.75,1,4,45,180,25.0
359871,Arcs,100,Strategy,8.0,18000,2024,14,3.44,2,4,60,120,59.25
359970,Challengers!,956,Party,7.1,8400,2022,8,1.79,,,45,45,13.4
361545,Twilight Inscription,790,Strategy,7.4,5300,2022,14,3.21,1,6,90,120,30.63
361,Hare & Tortoise,2081,Family,6.6,5000,1973,8,1.92,3,6,45,45,26.78
36218,Dominion,146,Strategy,7.6,97000,2008,13,2.34,2,4,30,30,11.0
36235,The Duke,1037,Abstract,7.3,4300,2013,13,2.46,2,2,30,30,70.0
362944,War of the Ring: The Card Game,687,Thematic,7.6,4900,2022,13,2.98,,,90,120,15.0
363307,Evergreen,843,Family,7.4,4400,2022,8,2.13,1,4,45,45,41.37
36345,Monty Python Fluxx,4390,Party,6.1,5600,2008,13,1.34,2,6,40,40,1.99
363622,The Castles of Burgundy: Special Edition,,,9.1,12000,2023,12,2.84,1,4,70,120,200.22
364011,Great Western Trail: Argentina,196,Strategy,8.2,5600,2022,12,3.91,1,4,75,150,40.0
364073,Splendor Duel,112,Strategy,7.9,20000,2022,10,2.03,2,2,30,30,20.75
365258,World Wonders,477,Strategy,7.6,7000,2023,12,2.26,1,4,50,70,35.0
365717,Clank!: Catacombs,50,Strategy,8.2,15000,2022,13,2.49,2,4,45,90,67.07
366013,Heat: Pedal to the Metal,47,Family,8.0,42000,2022,10,2.2,1,6,30,60,7.91
366161,Wingspan Asia,88,Strategy,8.2,10000,2022,10,2.66,1,2,40,70,40.03
367220,Sea Salt & Paper,253,Family,7.5,23000,2022,8,1.48,2,4,30,45,11.27
367966,Endeavor: Deep Sea,74,Strategy,8.2,11000,2024,10,2.92,1,4,60,120,59.0
368017,Point City,1143,Family,7.1,4900,2023,10,1.69,1,4,15,30,19.99
368058,The Wolves,1062,Strategy,7.2,4800,2022,14,2.82,2,4,75,75,68.23
368061,Zoo Vadis,770,Strategy,7.4,4900,2023,10,2.1,4,7,20,40,128.5
368173,Let's Go! To Japan,425,Family,7.6,7800,2024,10,2.25,1,4,45,60,8.99
3685,Hammer of the Scots,801,War,7.5,4300,2002,12,2.95,2,2,120,180,59.99
36932,Claustrophobia,582,Thematic,7.5,7200,2009,14,2.48,2,2,45,45,38.85
36946,Red November,2746,Strategy,6.3,8200,2008,13,2.07,1,6,60,120,17.99
369880,Beer & Bread,734,Strategy,7.3,7100,2022,10,2.35,2,2,30,45,32.56
3699,Killer Bunnies and the Quest for the Magic Carrot,30715,Family,5.5,6100,2002,12,1.88,3,8,45,45,3.99
37046,Ghost Stories,464,Thematic,7.2,22000,2008,12,2.91,1,4,60,60,9.99
370591,Dorfromantik: The Board Game,327,Family,7.6,11000,2022,8,1.64,1,3,30,60,13.7
370913,Star Wars: The Clone Wars,747,Strategy,7.5,5100,2022,14,2.16,1,4,60,60,15.95
37111,Battlestar Galactica: The Board Game,126,Thematic,7.7,38000,2008,14,3.25,4,6,120,180,9.99
371942,The White Castle,71,Strategy,8.0,23000,2023,12,3.06,1,4,80,80,34.13
372559,Spots,895,Family,7.1,8000,2022,10,1.27,2,4,25,30,15.99
372,Schotten Totten,436,Family,7.4,14000,1999,8,1.67,2,2,20,20,10.04
373106,Sky Team,32,Thematic,8.1,33000,2023,10,2.05,2,2,20,20,17.07
3737,Operation,30923,Children's,4.2,4900,1965,6,1.11,2,5,10,10,2.95
37380,Roll Through the Ages: The Bronze Age,1080,Strategy,6.8,12000,2008,8,1.78,1,4,30,45,18.38
374173,Star Wars: The Deckbuilding Game,217,Strategy,7.8,11000,2023,12,2.04,2,2,30,90,14.74
375651,That's Not a Hat,1147,Party,7.0,7000,2023,8,1.05,4,8,15,15,6.85
37628,Haggis,1232,Strategy,7.0,5000,2010,13,2.1,2,3,45,45,22.5
377061,Coffee Rush,1246,Family,7.1,5600,2023,8,1.79,2,4,30,30,26.81
377470,Sail,961,Strategy,7.3,4900,2023,11,2.21,2,2,20,20,16.79
37904,Formula D,781,Thematic,7.0,21000,2008,8,1.96,3,10,60,60,50.0
379078,Expeditions,381,Strategy,7.6,8700,2023,14,3.06,1,3,60,90,45.2
379629,Knarr,494,Family,7.5,8400,2023,10,1.9,2,4,30,30,23.33
38054,Snow Tails,1155,Family,7.0,6600,2008,10,2.05,2,5,45,60,25.0
380607,Great Western Trail: New Zealand,72,Strategy,8.5,7200,2023,12,3.99,1,4,75,150,33.37
381297,Unmatched Adventures: Tales to Amaze,499,Strategy,7.9,4400,2023,9,2.32,1,4,20,60,35.99
383179,Age of Innovation,56,Strategy,8.4,8700,2023,14,4.26,1,5,40,200,52.34
383607,Barcelona,564,Strategy,7.7,4700,2023,14,3.36,1,4,60,90,39.99
3837,Rat-a-Tat Cat,3586,Children's,6.3,4300,1995,6,1.12,2,6,10,10,6.0
384213,Fromage,392,Strategy,7.7,6900,2024,14,2.37,1,4,30,45,18.05
38453,Space Alert,387,Thematic,7.4,17000,2008,12,2.97,3,5,30,30,19.99
385529,The Vale of Eternity,347,Strategy,7.6,10000,2023,14,2.15,2,4,30,45,15.98
385610,Kutná Hora: The City of Silver,475,Strategy,7.7,5500,2023,13,3.33,2,4,60,120,45.0
385761,Faraway,256,Family,7.5,19000,2023,10,1.94,2,5,15,30,17.06
387378,MLEM: Space Agency,978,Family,7.1,6300,2024,8,1.75,3,5,30,60,19.99
390092,Ticket to Ride Legacy: Legends of the West,49,Family,8.6,6900,2023,10,2.57,2,5,20,90,25.43
391137,Galactic Cruise,110,Strategy,8.3,7500,2025,14,3.98,1,4,90,150,15.39
391163,Forest Shuffle,151,Strategy,7.7,22000,2023,10,2.22,2,4,40,60,9.99
393325,Captain Flip,878,Family,7.2,7400,2024,8,1.21,2,5,20,20,14.8
39351,Automobile,756,Strategy,7.3,6000,2009,12,3.52,3,5,120,120,70.0
393672,Gloomhaven: Buttons & Bugs,897,Strategy,7.5,4300,2024,10,3.33,1,1,20,20,199.99
39463,Cosmic Encounter,232,Thematic,7.5,35000,2008,12,2.58,4,,60,120,9.95
394,Kahuna,1640,Abstract,6.6,10000,1998,10,2.05,2,2,30,40,5.61
3955,BANG!,1807,Party,6.5,35000,2002,8,1.63,5,7,20,40,9.95
396790,Nucleum,133,Strategy,8.1,8600,2023,14,4.19,1,4,60,150,54.0
39683,At the Gates of Loyang,489,Strategy,7.3,12000,2009,10,3.11,1,4,60,120,90.93
397385,Pirates of Maracaibo,412,Strategy,7.9,4600,2023,12,2.88,1,4,40,100,41.95
397598,Dune: Imperium – Uprising,5,Strategy,8.7,19000,2023,13,3.52,,,60,120,9.99
39856,Dixit,432,Party,7.2,72000,2008,8,1.19,4,,30,30,2.99
398,Botswana,1314,Family,7.0,5000,1994,7,1.28,3,5,20,30,19.58
39938,Carson City,778,Strategy,7.2,7600,2009,12,3.18,2,5,90,90,49.95
39953,A Game of Thrones: The Card Game,1611,Customizable,6.8,6400,2008,12,3.26,2,4,60,120,7.0
399941,River of Gold,731,Strategy,7.6,4400,2024,14,2.48,2,4,60,90,43.99
3,Samurai,285,Strategy,7.5,17000,1998,10,2.44,2,4,30,60,69.99
400314,Apiary,322,Strategy,7.7,9400,2023,14,3.01,1,5,60,90,60.0
400366,Wondrous Creatures,227,Strategy,8.0,6600,2024,14,3.02,1,3,40,80,
400495,JinxO,5297,Party,7.3,427,2024,10,1.1,4,7,30,45,
400602,Civolution,167,Strategy,8.2,6300,2024,14,4.26,1,3,90,180,65.0
402283,Courtisans,1039,Party,7.3,4700,2024,8,1.31,2,5,20,30,19.92
402676,Cities,969,Family,7.3,5000,2024,14,1.89,2,4,45,45,18.99
403150,World Order,1785,Strategy,8.1,1300,2026,14,3.74,2,4,120,180,35.33
40398,Monopoly Deal Card Game,2687,Family,6.3,13000,2008,8,1.31,2,5,15,15,3.99
40628,Finca,912,Family,7.1,8500,2009,10,2.07,2,4,45,45,8.39
40692,Small World,409,Strategy,7.2,75000,2009,8,2.35,2,5,40,80,5.0
407297,River Valley Glassworks,879,Abstract,7.3,5400,2024,8,1.49,1,4,25,45,31.99
40765,Clash of Cultures,571,Strategy,7.6,6000,2012,14,3.61,2,4,180,240,35.0
40793,Dice Town,1210,Family,6.9,8200,2009,10,1.69,3,5,45,45,18.99
408180,Shackleton Base: A Journey to the Moon,396,Strategy,8.0,4300,2024,14,3.92,2,4,60,120,59.6
40834,Dominion: Intrigue,134,Strategy,7.7,35000,2009,13,2.41,2,4,30,30,3.97
4095,Star Munchkin,4584,Thematic,6.1,5200,2002,10,1.74,3,6,90,90,11.0
4098,Age of Steam,137,Strategy,7.9,13000,2002,13,3.85,3,6,120,120,26.0
41002,Vasco da Gama,1059,Strategy,7.2,4700,2009,12,3.23,2,4,60,120,51.5
41010,My First Carcassonne,2138,Children's,6.7,4900,2009,4,1.13,2,4,10,20,12.99
410201,Wyrmspan,124,Strategy,7.9,16000,2024,14,2.83,1,4,90,90,42.95
41114,The Resistance,465,Party,7.2,43000,2009,13,1.59,5,10,30,30,4.99
411567,The Gang,368,Family,7.6,9700,2024,10,1.6,4,6,20,20,11.2
411875,Pixies,1293,Family,7.1,4600,2024,8,1.23,2,4,30,30,12.45
413246,Bomb Busters,89,Family,8.0,14000,2024,10,2.0,2,5,30,30,7.0
414317,Harmonies,54,Abstract,8.0,31000,2024,10,2.01,1,4,30,45,24.99
4143,Guess Who?,30905,Children's,4.9,7500,1979,6,1.09,2,2,20,20,2.99
416851,Castle Combo,216,Family,7.7,15000,2024,10,1.74,2,4,10,25,21.5
417197,Rebirth,374,Strategy,7.8,6500,2024,10,2.01,2,4,45,60,45.99
418059,SETI: Search for Extraterrestrial Intelligence,14,Strategy,8.4,21000,2024,14,3.83,1,4,40,160,26.16
41916,The Magic Labyrinth,1522,Children's,6.8,6800,2009,6,1.21,2,4,20,30,2.99
41,Can't Stop,772,Family,6.9,22000,1980,9,1.14,2,4,30,30,28.99
420033,Vantage,195,Thematic,8.2,7000,2025,14,2.32,1,3,120,180,69.99
420087,Flip 7,508,Party,7.2,24000,2024,8,1.04,3,8,20,20,7.99
42052,Vinhos,735,Strategy,7.5,5100,2010,12,4.2,2,4,60,135,24.99
421006,The Lord of the Rings: Duel for Middle-earth,19,Strategy,8.4,21000,2024,10,2.07,2,2,30,30,26.63
421,1830: Railways & Robber Barons,314,Strategy,7.9,6000,1986,14,4.17,3,6,180,360,29.99
42215,Tobago,720,Family,7.1,13000,2009,10,2.14,2,4,60,60,26.16
422732,Agent Avenue,538,Family,7.5,6700,2024,8,1.23,,,10,20,20.49
42452,Rattus,1546,Strategy,6.8,6300,2010,10,2.06,3,4,45,45,12.99
42487,Lost Cities: The Board Game,1694,Family,6.8,5000,2008,8,1.73,2,4,30,60,25.0
425549,Moon Colony Bloodbath,516,Strategy,7.6,5900,2025,14,2.11,1,5,45,90,35.0
42776,Gears of War: The Board Game,785,Thematic,7.5,5300,2011,13,2.88,1,4,60,180,140.0
429293,The Lord of the Rings: The Fellowship of the Ring – Trick-Taking Game,140,Family,8.0,10000,2025,10,1.95,1,4,20,20,21.99
42,Tigris & Euphrates,131,Strategy,7.7,30000,1997,14,3.48,2,4,60,120,1.0
43015,Hansa Teutonica,147,Strategy,7.8,17000,2009,12,3.09,3,5,45,90,39.78
43111,Chaos in the Old World,219,Thematic,7.7,16000,2009,13,3.2,3,4,60,120,197.99
4324,Risk: The Lord of the Rings,5596,Thematic,5.9,5100,2002,9,2.27,2,4,120,120,2.0
432,Take 5,676,Family,7.0,33000,1994,8,1.19,3,10,45,45,5.63
43443,Castle Panic,1421,Family,6.7,17000,2009,8,1.66,1,6,30,60,5.0
434654,Toy Battle,328,Family,7.8,6800,2025,8,1.48,2,2,15,15,23.9
43528,World Without End,989,Strategy,7.2,5200,2009,12,2.82,2,4,90,120,4.99
435346,Mooki Island,8987,,7.3,166,2025,4,1.17,2,2,10,10,
43570,Friday,594,Strategy,7.1,23000,2011,13,2.16,1,1,25,25,7.99
436126,Finspan,429,Strategy,7.7,7300,2025,10,2.31,1,4,45,60,33.5
436217,The Lord of the Rings: Fate of the Fellowship,70,Thematic,8.3,10000,2025,14,3.1,1,4,60,150,44.97
43868,The Adventurers: The Temple of Chac,2137,Thematic,6.6,4900,2009,10,1.66,2,6,45,45,39.9
438,Scotland Yard,1735,Family,6.5,18000,1983,10,1.94,2,6,45,45,7.99
4390,Carcassonne: Hunters and Gatherers,695,Family,7.1,14000,2002,8,1.92,2,5,35,40,62.99
440540,Take Time,610,Family,7.7,4300,2025,10,1.77,2,4,30,30,20.0
44163,Power Grid: Factory Manager,1448,Strategy,6.8,6100,2009,12,3.0,2,5,60,60,17.0
446497,Hot Streak,318,Party,7.8,6700,2025,6,1.21,3,8,20,20,42.5
447243,Duel for Cardia,808,Strategy,7.5,4400,2025,9,1.76,2,2,15,15,17.07
451298,Ringyō,,,7.3,27,2026,14,3.0,,,45,90,
451676,Galileo's Truth,17843,,7.9,31,2026,15,3.43,,,90,120,
45315,Dungeon Lords,445,Strategy,7.3,14000,2009,12,3.57,2,4,90,90,8.99
45358,Alhambra: Big Box,,,7.5,4800,2009,8,2.34,2,5,60,60,75.0
453740,Container,2821,,8.0,741,2026,12,2.92,4,5,45,90,
454103,Magical Athlete,397,Party,7.8,6100,2025,6,1.15,3,6,30,30,38.63
45,Perudo,874,Party,6.9,17000,1800,8,1.25,3,7,15,30,3.99
46213,Telestrations,352,Party,7.4,21000,2009,12,1.07,5,,30,30,3.87
4636,Clans,2054,Abstract,6.6,5400,2002,10,2.03,2,4,30,30,17.06
463,Magic: The Gathering,169,Customizable,7.6,43000,1993,13,3.28,2,4,20,20,13.39
46,Medici,722,Strategy,7.2,9100,1995,10,2.22,4,6,60,60,22.0
47185,Warhammer: Invasion,965,Customizable,7.2,6200,2009,13,2.74,2,2,45,45,3.48
473508,Wingspan Pocket,17624,,7.1,48,2026,8,2.0,,,25,35,
473897,Kingdom Come: Deliverance – The Board Game,16966,,8.3,42,2026,14,3.85,1,3,120,320,
474024,The Resort,,,7.7,9,2027,10,0.0,,,45,180,
475,Taj Mahal,699,Strategy,7.3,8200,2000,14,2.85,3,5,45,90,22.99
478,Citadels,592,Strategy,7.1,57000,2000,10,2.05,2,7,20,60,9.0
47,Chinatown,384,Strategy,7.4,12000,1999,12,2.22,4,5,60,60,68.29
483,Diplomacy,887,War,7.0,14000,1959,12,3.32,6,7,360,360,5.0
48726,Alien Frontiers,416,Strategy,7.3,16000,2010,13,2.56,2,4,90,90,17.99
494,Ave Caesar,1954,Family,6.7,5100,1989,12,1.36,4,6,30,30,34.26
49,Mamma Mia!,2197,Family,6.5,6600,1998,10,1.36,2,5,30,30,4.5
50381,Cards Against Humanity,16628,Party,5.7,31000,2009,17,1.17,4,10,30,30,12.0
503,Through the Desert,530,Abstract,7.2,17000,1998,10,2.16,2,5,45,45,25.04
5048,Candy Land,30930,Children's,3.2,5400,1949,3,1.15,2,4,30,30,3.3
50750,Belfort,871,Strategy,7.2,6500,2011,12,3.05,3,5,120,120,22.5
50,Lost Cities,348,Family,7.3,51000,1999,10,1.47,2,2,30,30,3.19
51,Ricochet Robots,921,Abstract,7.0,9800,1999,10,2.37,1,12,30,30,42.05
521,Crokinole,46,Family,8.1,21000,1876,8,1.23,,,30,30,126.82
52461,Legacy: The Testament of Duke de Crecy,1213,Thematic,7.1,4500,2013,8,2.72,1,4,60,60,
526,Abalone,2175,Abstract,6.5,8400,1987,7,2.15,2,2,30,30,7.97
528,ZÈRTZ,1048,Abstract,7.3,4600,1999,9,2.73,2,2,30,60,2.99
53953,Thunderstone,1085,Thematic,6.9,11000,2009,12,2.5,1,4,60,60,8.69
54043,Jaipur,202,Family,7.5,59000,2009,10,1.46,2,2,30,30,15.99
5404,Amun-Re,606,Strategy,7.3,9600,2003,12,3.03,4,5,90,90,20.49
54137,Battle Sheep,2044,Abstract,6.6,5800,2010,7,1.45,2,4,15,15,15.95
54138,Imperial 2030,408,Strategy,7.6,7300,2009,12,3.5,3,6,120,180,39.78
5432,Chutes and Ladders,30932,Children's,2.9,5300,-200,3,1.08,2,6,30,30,2.5
54625,Space Hulk (Third Edition),553,Thematic,7.5,7200,2009,12,2.78,2,2,60,60,40.0
54998,Cyclades,272,Strategy,7.5,23000,2009,13,2.82,3,5,60,90,9.49
54,Tikal,385,Strategy,7.3,22000,1999,10,2.78,2,4,90,90,11.38
552,Bus,458,Strategy,7.7,5500,1999,14,3.04,3,5,120,120,93.5
553,Chez Geek,10732,Thematic,5.7,4600,1999,13,1.42,3,,60,60,16.89
554,La Città,1271,Strategy,7.0,5400,2000,12,3.27,2,5,120,120,9.36
555,The Princes of Florence,305,Strategy,7.5,16000,2000,12,3.24,3,5,75,100,17.0
55670,Macao,556,Strategy,7.4,7700,2009,12,3.13,2,4,50,100,
55690,Kingdom Death: Monster,96,Thematic,8.5,10000,2015,17,4.28,1,4,60,180,9.98
559,Metro,2573,Strategy,6.4,6700,1997,8,1.68,2,6,30,30,7.99
56692,Parade,999,Family,7.0,8700,2007,8,1.46,2,6,45,45,46.09
5716,Balloon Cup,1745,Family,6.7,6200,2003,8,1.46,2,2,30,30,31.79
5737,Domaine,1414,Strategy,7.0,4700,2003,12,2.71,2,4,60,60,8.99
5782,Coloretto,733,Family,7.0,23000,2003,8,1.27,2,5,30,30,11.54
58281,Summoner Wars,860,Customizable,7.2,6800,2009,9,2.33,,,30,60,5.19
58421,Egizia,744,Strategy,7.4,5600,2009,12,2.83,2,4,90,90,22.83
5894,Twister,30915,Party,4.6,5600,1966,6,1.09,2,4,10,10,3.0
590,Mille Bornes,9386,Family,5.7,9100,1954,8,1.25,,,45,45,2.79
59294,Runewars,417,Thematic,7.6,8600,2010,14,3.79,2,4,180,240,159.99
59946,Dungeons & Dragons: Castle Ravenloft Board Game,1125,Thematic,7.0,9600,2010,12,2.5,1,5,60,60,2.99
59959,Letters from Whitechapel,441,Thematic,7.3,17000,2011,14,2.64,2,6,90,90,20.0
5,Acquire,364,Strategy,7.4,22000,1963,12,2.49,3,6,90,90,2.1
62219,Dominant Species,115,Strategy,7.8,22000,2010,14,4.04,3,6,120,240,29.95
62227,"Labyrinth: The War on Terror, 2001 – ?",655,War,7.6,5200,2010,12,3.69,1,2,180,180,25.0
6249,Alhambra,615,Strategy,7.0,36000,2003,8,2.1,2,5,45,60,9.12
624,Quoridor,1704,Abstract,6.6,9800,1997,8,1.82,,,15,15,4.99
62871,Zombie Dice,2783,Party,6.2,19000,2010,10,1.09,2,8,10,20,8.95
63268,Spot it!,1702,Party,6.5,22000,2009,6,1.04,2,7,15,15,5.0
63628,The Manhattan Project,573,Strategy,7.3,10000,2012,13,2.96,2,5,120,120,53.99
63888,Innovation,380,Strategy,7.3,21000,2010,12,2.78,2,3,20,60,14.87
63975,Mountain Goats,1512,Family,6.8,5800,2010,8,1.21,2,4,20,20,6.81
6472,A Game of Thrones,775,War,7.2,11000,2003,12,3.45,4,5,180,180,7.61
65244,Forbidden Island,1034,Family,6.7,55000,2010,10,1.74,1,4,30,30,2.57
65515,Nuns on the Run,2556,Family,6.5,4300,2010,10,2.07,4,8,45,60,18.0
65532,Defenders of the Realm,929,Thematic,7.3,5600,2010,13,2.69,1,4,90,90,80.0
65781,London,700,Strategy,7.3,6700,2010,13,2.88,2,4,90,90,17.93
66056,Rivals for Catan,1183,Strategy,6.9,8500,2010,10,2.33,2,2,45,60,4.07
66188,Fresco,542,Strategy,7.2,14000,2010,10,2.64,2,4,60,60,3.99
66356,Dungeons & Dragons: Wrath of Ashardalon Board Game,1163,Thematic,7.1,6900,2011,12,2.59,1,5,60,60,9.0
66362,Glen More,589,Strategy,7.3,9500,2010,13,2.67,2,5,60,60,130.0
66505,The Speicherstadt,1245,Strategy,7.0,5300,2010,8,2.27,3,5,45,45,44.99
66589,Navegador,371,Strategy,7.5,9700,2010,12,3.08,2,5,60,90,9.08
67877,Anomia,1880,Party,6.7,6000,2010,10,1.04,3,,30,30,7.0
681,Quarto,1168,Abstract,6.9,8900,1991,8,1.87,2,2,20,20,1.97
68425,Eminent Domain,946,Strategy,7.0,11000,2011,10,2.51,2,4,45,45,18.0
68448,7 Wonders,118,Strategy,7.7,113000,2010,10,2.31,3,7,30,30,4.99
6887,Hearts,2252,Family,6.5,5100,1850,8,1.74,4,4,30,30,
69789,Ascension: Deckbuilding Game,825,Strategy,7.0,14000,2010,13,2.14,2,4,30,30,19.99
699,HeroQuest,708,Thematic,7.2,15000,1989,14,2.13,2,5,90,90,3.99
70149,Ora et Labora,247,Strategy,7.7,12000,2011,13,3.89,1,4,60,180,29.99
70323,King of Tokyo,498,Family,7.1,76000,2011,8,1.48,3,6,30,30,3.99
70512,Luna,881,Strategy,7.3,5300,2010,12,3.33,1,4,60,100,129.99
70919,Takenoko,444,Family,7.2,48000,2011,8,1.97,2,4,45,45,4.99
712,Blood Bowl (Third Edition),638,Thematic,7.6,5700,1994,12,2.99,2,2,180,180,
714,Talisman,3219,Thematic,6.4,5800,1983,9,2.18,2,5,240,240,9.99
71721,Space Hulk: Death Angel – The Card Game,855,Thematic,7.0,14000,2010,13,2.41,1,4,30,60,24.95
71836,Onirim,1827,Family,6.6,6800,2010,8,1.65,1,2,15,15,16.95
71,Civilization,537,Strategy,7.5,7700,1980,12,3.64,4,7,360,360,9.34
72125,Eclipse: New Dawn for the Galaxy,105,Strategy,7.8,29000,2011,14,3.71,2,6,60,180,26.28
72287,Mr. Jack Pocket,1253,Strategy,6.8,9100,2010,14,1.83,2,2,15,15,6.26
72321,The Networks: Primetime,915,Strategy,7.1,7000,2016,13,2.6,1,5,60,90,17.95
73439,Troyes,142,Strategy,7.7,25000,2010,12,3.37,2,4,90,90,32.0
73761,K2,911,Thematic,7.0,11000,2010,8,2.25,1,5,60,60,22.0
74,Apples to Apples,8267,Party,5.7,20000,1999,12,1.15,4,,20,30,2.99
760,Battle Line,332,Strategy,7.4,18000,2000,12,1.89,2,2,30,30,9.99
770,Loot,2771,Family,6.3,7200,1992,10,1.38,,,20,20,1.99
77130,Sid Meier's Civilization: The Board Game,433,Strategy,7.4,16000,2010,13,3.9,2,4,120,240,2.39
7717,Carcassonne: The Castle,863,Strategy,7.1,8700,2003,8,1.99,2,2,30,45,20.47
77423,The Lord of the Rings: The Card Game,187,Customizable,7.7,25000,2011,13,3.22,1,,30,60,19.95
7805,Fearsome Floors,1607,Family,6.7,8600,2003,10,1.81,2,7,60,60,34.13
7854,YINSH,260,Abstract,7.7,10000,2003,9,2.62,2,2,30,60,20.0
79828,A Few Acres of Snow,593,War,7.4,8200,2011,14,3.03,2,2,60,90,59.0
8051,Attika,1157,Strategy,7.0,6700,2003,10,2.37,2,4,45,60,5.5
8098,Jungle Speed,2084,Party,6.4,14000,1997,7,1.13,,,10,10,18.27
811,Rummikub,1759,Family,6.5,22000,1950,8,1.7,2,4,60,60,2.0
8125,Santiago,932,Strategy,7.2,5800,2003,10,2.48,4,5,75,75,93.06
815,Chrononauts,3646,Thematic,6.2,5700,2000,11,1.85,1,5,30,30,8.05
8203,"Hey, That's My Fish!",1160,Abstract,6.7,23000,2003,8,1.44,2,4,20,20,19.99
82168,Escape from the Aliens in Outer Space,1451,Thematic,6.9,5400,2010,12,1.98,4,8,20,45,24.99
8217,San Juan,447,Strategy,7.2,24000,2004,10,2.28,2,4,45,60,30.0
82222,Xia: Legends of a Drift System,197,Thematic,7.9,11000,2014,12,3.2,2,4,60,180,104.42
822,Carcassonne,240,Family,7.4,140000,2000,7,1.88,2,5,30,45,1.99
823,The Lord of the Rings,1249,Thematic,6.7,16000,2000,12,2.53,1,5,60,90,5.69
826,Cartagena,1598,Family,6.7,8200,2000,8,1.6,2,5,45,45,12.56
83195,Ghost Blitz,1498,Party,6.7,11000,2010,8,1.13,2,6,20,20,2.49
83330,Mansions of Madness,623,Thematic,7.3,14000,2011,13,3.24,2,5,120,180,29.9
84419,Space Empires 4X,636,War,7.7,4400,2011,14,3.37,1,4,60,240,50.0
84876,The Castles of Burgundy,17,Strategy,8.2,70000,2011,12,2.97,2,4,30,90,2.19
85256,Timeline: Inventions,1565,Family,6.7,8800,2010,8,1.09,2,8,15,15,14.0
87890,Prêt-à-Porter,930,Strategy,7.3,5300,2010,10,3.56,2,4,90,90,20.0
88,Torres,848,Abstract,7.1,10000,1999,10,2.85,2,4,60,60,23.51
891,Cranium,11135,Party,5.7,10000,1998,13,1.42,,,60,60,1.99
8989,Hansa,1457,Strategy,6.9,5300,2004,10,2.34,2,4,60,60,10.79
90137,Blood Bowl: Team Manager – The Card Game,452,Thematic,7.4,12000,2011,14,2.35,2,4,60,120,99.0
90419,Airlines Europe,684,Strategy,7.3,7600,2011,10,2.43,3,5,75,75,70.0
904,Nightmare Productions,1060,Strategy,7.1,6100,2000,10,2.1,3,5,60,60,19.99
91312,Discworld: Ankh-Morpork,651,Thematic,7.3,11000,2011,11,2.21,2,4,60,60,159.32
91514,Rhino Hero,1052,Children's,6.9,12000,2011,5,1.02,2,5,5,15,6.99
91536,Quarriors!,1331,Strategy,6.7,14000,2011,14,1.97,2,4,30,30,49.99
915,Mystery of the Abbey,1957,Family,6.5,8400,1995,8,2.2,3,6,60,90,20.0
91872,Dungeons & Dragons: The Legend of Drizzt Board Game,1027,Thematic,7.2,6700,2011,12,2.59,1,5,60,60,8.05
91,Paths of Glory,266,War,8.1,5700,1999,14,3.86,2,2,480,480,50.0
9203,Wings of War: Famous Aces,1680,War,6.9,4800,2004,10,1.73,2,,20,20,19.99
9209,Ticket to Ride,262,Family,7.4,99000,2004,8,1.82,2,5,30,60,1.5
9216,Goa,315,Strategy,7.5,12000,2004,12,3.36,2,4,90,90,57.24
9217,Saint Petersburg,491,Strategy,7.3,17000,2004,10,2.43,2,4,45,60,31.3
9220,Saboteur,1562,Party,6.5,37000,2004,8,1.32,5,10,30,30,5.76
92415,Skull,495,Party,7.2,29000,2011,10,1.12,3,6,15,45,2.89
925,Werewolf,2811,Party,6.4,5000,1986,8,1.38,8,,60,60,4.36
92828,Dixit: Odyssey,354,Party,7.4,23000,2011,8,1.16,4,12,30,30,22.99
929,The Great Dalmuti,1854,Party,6.6,8700,1995,8,1.28,5,8,60,60,7.91
93260,Summoner Wars: Master Set,413,Customizable,7.5,11000,2011,9,2.52,,,30,60,5.19
93,El Grande,102,Strategy,7.8,33000,1995,12,2.93,3,5,60,120,7.94
94362,Rune Age,1821,Thematic,6.8,4600,2011,13,2.29,1,4,20,60,6.0
943,Ligretto,3673,Family,6.2,5300,1988,8,1.17,3,,10,10,5.71
9440,Maharaja: The Game of Palace Building in India,1159,Strategy,7.1,5200,2004,12,3.17,3,5,90,90,26.25
9446,Blue Moon,1790,Customizable,6.7,5900,2004,12,2.17,2,2,30,30,11.32
94,Union Pacific,1114,Strategy,7.2,4400,1999,12,2.55,3,6,90,90,55.14
95103,Fortune and Glory: The Cliffhanger Game,1325,Thematic,7.1,4300,2011,12,2.88,1,6,90,240,14.99
95527,Madeira,712,Strategy,7.5,4700,2013,12,4.3,2,4,60,150,101.6
9609,War of the Ring,222,War,7.8,11000,2004,12,3.85,,,120,120,75.0
9625,Struggle of Empires,760,Strategy,7.5,4400,2004,13,3.59,4,7,180,240,17.0
9674,Ingenious,644,Abstract,7.1,18000,2004,8,1.9,2,4,30,45,10.72
96848,Mage Knight Board Game,40,Thematic,8.1,35000,2011,14,4.38,1,3,60,240,49.95
96913,Lancaster,581,Strategy,7.4,7900,2011,10,2.99,3,5,60,60,100.0
97207,Dungeon Petz,379,Strategy,7.4,16000,2011,13,3.63,2,4,90,90,18.97
97786,Small World Underground,653,Strategy,7.2,12000,2011,8,2.59,2,5,30,90,33.0
97842,Last Will,677,Strategy,7.2,11000,2011,14,2.72,2,5,45,75,16.0
97903,Terror in Meeple City,1357,Family,6.8,7700,2013,8,1.48,2,4,30,30,19.99
98351,Core Worlds,1215,Strategy,7.1,4400,2011,10,2.89,2,4,60,120,17.07
98778,Hanabi,602,Family,7.0,53000,2010,8,1.69,2,5,25,25,6.0
98,Axis & Allies,1946,War,6.6,11000,1981,12,3.03,2,5,180,180,2.99
99875,Martian Dice,3877,Family,6.1,4500,2011,8,1.07,2,5,10,10,17.4
